Entry,Cytokine.Ontology.Label,Cell.Ontology.Label,Cell.Ontology.ID
P19876,CXCL3,T cell,CL_0000084
P80162,CXCL6,neutrophil;leukocyte;B cell;enucleate erythrocyte,CL_0000775;CL_0000738;CL_0000236;CL_0000595
P02775,PPBP,"platelet;macrophage;neutrophil;T cell;myoblast;connective tissue cell;leukocyte;thymocyte;myeloid cell;natural killer cell;mononuclear phagocyte;microglial cell;epithelial cell;stromal cell;eosinophil;mesenchymal cell;T-helper 1 cell;CD8-positive, alpha-beta T cell",CL_0000233;CL_0000235;CL_0000775;CL_0000084;CL_0000056;CL_0002320;CL_0000738;CL_0000499;CL_0000771;CL_0000134;CL_0000545;CL_0000893;CL_0000763;CL_0000623;CL_0000113;CL_0000625;CL_0000129;CL_0000066
P19875,CXCL2,neutrophil;leukocyte;alveolar macrophage;intestinal epithelial cell;hepatocyte;endothelial cell;mature neutrophil;thymic macrophage;neuron;T-helper 2 cell;cardiac muscle cell,CL_0000775;CL_0000738;CL_0000583;CL_0000182;CL_0000540;CL_0000096;CL_0000546;CL_0002563;CL_0000115;CL_0000746;CL_0000866
P42830,CXCL5,neutrophil;endothelial cell;bronchial epithelial cell;mature neutrophil;fibroblast;macrophage;hematopoietic stem cell;enterocyte,CL_0000775;CL_0000115;CL_0000584;CL_0000057;CL_0000096;CL_0000235;CL_0000037;CL_0002328
O43927,CXCL13,"B cell;T cell;monocyte;lymphocyte;B-1 B cell;macrophage;CD4-positive, alpha-beta T cell;chondrocyte;epithelial cell;neuron;helper T cell;dendritic cell",CL_0000236;CL_0000084;CL_0000576;CL_0000235;CL_0000819;CL_0000542;CL_0000624;CL_0000451;CL_0000138;CL_0000066;CL_0000540;CL_0000912
O95715,CXCL14,neural cell;leukocyte;neutrophil;T cell;natural killer cell;myelinating Schwann cell;fat cell,CL_0000218;CL_0000084;CL_0000623;CL_0000136;CL_0002319;CL_0000738;CL_0000775
O14625,CXCL11,"lymphocyte;keratinocyte;endothelial cell;dendritic cell;CD8-positive, alpha-beta T cell;T cell",CL_0000542;CL_0000084;CL_0000625;CL_0000312;CL_0000115;CL_0000451
Q07325,CXCL9,"respiratory epithelial cell;B cell;CD8-positive, alpha-beta T cell;eosinophil;epithelial cell;natural killer cell;leukocyte;T cell;effector T cell;T-helper 1 cell;pneumocyte;CD4-positive, alpha-beta T cell",CL_0002368;CL_0000322;CL_0000771;CL_0000066;CL_0000623;CL_0000738;CL_0000084;CL_0000911;CL_0000624;CL_0000236;CL_0000545;CL_0000625
P04141,CSF2,"neutrophil;macrophage;T cell;monocyte;eosinophil;dendritic cell;granulocyte;leukocyte;bone marrow cell;myeloid cell;fibroblast;platelet;granulocyte monocyte progenitor cell;alveolar macrophage;stromal cell;keratinocyte;mast cell;lymphocyte;stem cell;B cell;osteoclast;peritoneal macrophage;CD8-positive, alpha-beta T cell;epithelial cell;CD4-positive, alpha-beta T cell;natural killer cell;microglial cell;plasmacytoid dendritic cell;pneumocyte;T-helper 1 cell;promyelocyte;endothelial cell;blood cell;osteoblast;bronchial epithelial cell;megakaryocyte;professional antigen presenting cell;adult endothelial progenitor cell;mesenchymal cell;mononuclear phagocyte;basophil;neuron;Langerhans cell;cytotoxic T cell;synovial cell;T-helper 2 cell;bladder cell;erythroid progenitor cell;neuronal stem cell;hepatocyte;helper T cell;animal cell;bone marrow macrophage;skin fibroblast;glomerular visceral epithelial cell;inflammatory macrophage;cardiac fibroblast;thymocyte;peripheral blood stem cell;chondrocyte;melanocyte;myeloid dendritic cell;adipose macrophage;epithelial cell of lung;monoblast;blastoderm cell;perivascular macrophage;common myeloid progenitor",CL_0000775;CL_0000235;CL_0000084;CL_0000576;CL_0000771;CL_0000451;CL_0000094;CL_0000738;CL_0002092;CL_0000763;CL_0000057;CL_0000499;CL_0000583;CL_0000233;CL_0000557;CL_0000097;CL_0000312;CL_0000542;CL_0000034;CL_0000625;CL_0000092;CL_0000581;CL_0000236;CL_0000624;CL_0000066;CL_0000623;CL_0000129;CL_0000062;CL_0000784;CL_0000081;CL_0002328;CL_0000322;CL_0000545;CL_0000836;CL_0000115;CL_0002619;CL_0000767;CL_0000910;CL_0000038;CL_0000214;CL_0000556;CL_0000145;CL_0000134;CL_0000113;CL_1001319;CL_0000540;CL_0000453;CL_0000546;CL_0000082;CL_0000040;CL_0002548;CL_0000881;CL_0000863;CL_0000049;CL_0002477;CL_0000047;CL_0000182;CL_0000912;CL_0002620;CL_0000653;CL_0000893;CL_0000353;CL_0002246;CL_0000138;CL_0000148;CL_0000782;CL_0000548;CL_0002476
P02778,CXCL10,"T cell;macrophage;monocyte;CD8-positive, alpha-beta T cell;lymphocyte;epithelial cell;natural killer cell;hepatocyte;respiratory epithelial cell;leukocyte;endothelial cell;neuron;fibroblast;eosinophil;neutrophil;CD4-positive, alpha-beta T cell;dendritic cell;B cell;adult endothelial progenitor cell;regulatory T cell;mesangial cell;type B pancreatic cell;T-helper 1 cell;cytotoxic T cell;osteoclast;CD8-positive, CXCR3-positive, alpha-beta regulatory T cell;vascular associated smooth muscle cell;T-helper 17 cell;Tc1 cell;intestinal epithelial cell;acinar cell;mature NK T cell",CL_0000084;CL_0000235;CL_0000542;CL_0000625;CL_0000576;CL_0000066;CL_0000623;CL_0000182;CL_0002368;CL_0000738;CL_0000115;CL_0000057;CL_0000771;CL_0000540;CL_0000624;CL_0000775;CL_0000359;CL_0000545;CL_0000236;CL_0000899;CL_0002619;CL_0000917;CL_0000169;CL_0002563;CL_0000814;CL_0001041;CL_0000451;CL_0000815;CL_0000650;CL_0000910;CL_0000622;CL_0000092
Q9H2A7,CXCL16,"T cell;aortic smooth muscle cell;stromal cell;inflammatory macrophage;cholangiocyte;CD8-positive, alpha-beta T cell;platelet;leukocyte;epithelial cell;sperm;lymphocyte;endothelial cell;B cell",CL_0000084;CL_0002539;CL_0000499;CL_0000019;CL_0000542;CL_0000625;CL_0000738;CL_0000115;CL_0000863;CL_1000488;CL_0000233;CL_0000236;CL_0000066
P13236,CCL4,"hepatocyte;macrophage;leukocyte;hematopoietic stem cell;T cell;natural killer cell;lymphocyte;platelet;stellate cell;hepatic stellate cell;bone marrow cell;monocyte;CD4-positive, alpha-beta T cell;T-helper 1 cell;fibroblast;mast cell;neutrophil;fibrocyte;endothelial cell",CL_0000182;CL_0000235;CL_0000738;CL_0000037;CL_0000084;CL_0000623;CL_0000233;CL_0000122;CL_0000632;CL_0000542;CL_0000624;CL_0000576;CL_0000057;CL_0000115;CL_0000545;CL_0002092;CL_0000097;CL_0000775;CL_0000135
P01588,EPO,erythroid progenitor cell;enucleate erythrocyte;reticulocyte;erythrocyte;platelet;erythroblast;endothelial cell;adult endothelial progenitor cell;bone marrow cell;megakaryocyte;neuron;macrophage;T cell;proerythroblast;myoblast;cardiac muscle cell;glomerular visceral epithelial cell;fibroblast;stem cell;neutrophil;astrocyte;mesenchymal cell;granulocyte;lymphocyte;mature neutrophil;melanocyte;neuronal stem cell;oligodendrocyte;mammary epithelial cell;hepatocyte;kidney cell;B cell;white fat cell;microglial cell;capillary endothelial cell;basophilic erythroblast;neuron of cerebral cortex;motor neuron;skeletal muscle myoblast,CL_0000038;CL_0000595;CL_0000558;CL_0000232;CL_0000233;CL_0000765;CL_0000115;CL_0000540;CL_0002092;CL_0000556;CL_0002619;CL_0000084;CL_0000235;CL_0000547;CL_0000056;CL_0000746;CL_0000653;CL_0000775;CL_0000134;CL_0000127;CL_0000057;CL_0000034;CL_0000515;CL_0000542;CL_0000128;CL_0000236;CL_0002144;CL_0000549;CL_0000094;CL_0000096;CL_0002327;CL_0000148;CL_0000047;CL_0000182;CL_1000497;CL_0000448;CL_0000129;CL_0002609;CL_0000100
P09341,CXCL1,neutrophil;monocyte;macrophage;osteoclast;oligodendrocyte;endothelial cell;astrocyte;stem cell;mature astrocyte;bladder cell;endothelial cell of lymphatic vessel;keratinocyte;mature neutrophil,CL_0000775;CL_0000576;CL_0000235;CL_0000092;CL_0000127;CL_0000312;CL_0000096;CL_0000128;CL_0000115;CL_1001319;CL_0000034;CL_0002627;CL_0002138
Q8NHW4,CCL4L2,plasmacytoid dendritic cell;macrophage;stem cell;T cell,CL_0000784;CL_0000084;CL_0000235;CL_0000034
P80075,CCL8,leukocyte;keratinocyte,CL_0000738;CL_0000312
O00585,CCL21,"T cell;neuron;leukocyte;endothelial cell of lymphatic vessel;B cell;naive T cell;effector T cell;lymphocyte;CD4-positive, alpha-beta T cell;microglial cell;stromal cell",CL_0000084;CL_0000540;CL_0000129;CL_0000236;CL_0000499;CL_0000898;CL_0000738;CL_0000624;CL_0002138;CL_0000911;CL_0000542
P13500,CCL2,"monocyte;macrophage;endothelial cell;leukocyte;fibroblast;T cell;fat cell;astrocyte;neutrophil;neuron;mesangial cell;epithelial cell;osteoblast;microglial cell;peritoneal macrophage;osteoclast;hepatocyte;CD4-positive, alpha-beta T cell;glomerular visceral epithelial cell;epithelial cell of lung;eosinophil;CD8-positive, alpha-beta T cell;lymphocyte;B cell;mononuclear phagocyte;classical monocyte;neuronal stem cell;T-helper 2 cell;glial cell;hematopoietic stem cell;pain receptor cell;fibrocyte;natural killer cell;stromal cell;epithelial cell of prostate;inflammatory macrophage;keratinocyte;alveolar macrophage;osteocyte;mature astrocyte;platelet;mast cell progenitor;alternatively activated macrophage;endothelial cell of vascular tree;muscle cell;adipose macrophage;mesenchymal cell;mature microglial cell;CD14-positive, CD16-positive monocyte;T-helper 1 cell;embryonic stem cell;pneumocyte;smooth muscle cell;vascular associated smooth muscle cell;cap cell;bronchial epithelial cell;bladder cell;mature neutrophil;respiratory epithelial cell;mesothelial cell of peritoneum;neuroblast (sensu Nematoda and Protostomia);stem cell;pancreatic acinar cell;type B pancreatic cell;professional antigen presenting cell;hepatic stellate cell;plasmacytoid dendritic cell;kidney cell;motor neuron;mesothelial cell;Kupffer cell;dendritic cell",CL_0000576;CL_0000235;CL_0000115;CL_0000738;CL_0000057;CL_0000084;CL_0000136;CL_0000127;CL_0000066;CL_0000775;CL_0000540;CL_0000650;CL_0000062;CL_0000129;CL_0000092;CL_0000182;CL_0000653;CL_0000082;CL_0000624;CL_0000581;CL_0000625;CL_0000047;CL_0000546;CL_0000236;CL_0000771;CL_0000542;CL_0000113;CL_0000860;CL_0000137;CL_0002627;CL_0000499;CL_0000125;CL_0000037;CL_0000198;CL_0000583;CL_0000135;CL_0000623;CL_0002231;CL_0000863;CL_0000312;CL_0000145;CL_0002397;CL_0000632;CL_0000784;CL_0000545;CL_0000676;CL_0002322;CL_0002328;CL_1001319;CL_0000359;CL_1000497;CL_0000100;CL_0000077;CL_0000091;CL_0000451;CL_0000233;CL_0000831;CL_0002139;CL_0000187;CL_0000134;CL_0002629;CL_0000322;CL_0000192;CL_0000096;CL_0002368;CL_1000490;CL_0000338;CL_0000034;CL_0002064;CL_0002477;CL_0000169;CL_0000890
Q9Y258,CCL26,"eosinophil;T cell;neuron;macrophage;epithelial cell;microglial cell;monocyte;memory T cell;fat cell;retinal ganglion cell;CD8-positive, alpha-beta memory T cell;pneumocyte;B cell;naive T cell;astrocyte;natural killer cell;glomerular visceral epithelial cell;CD8-positive, alpha-beta T cell;myeloid cell;T-helper 17 cell;multinucleated giant cell;stem cell;acinar cell of sebaceous gland;T-helper 1 cell",CL_0000771;CL_0000540;CL_0000235;CL_0000084;CL_0000066;CL_0000898;CL_0000623;CL_0000653;CL_0000763;CL_0000899;CL_0000647;CL_0000034;CL_0000909;CL_0000545;CL_0000129;CL_0000576;CL_0000236;CL_0000127;CL_0000813;CL_0000136;CL_0000625;CL_0002140;CL_0000740;CL_0000322
Q92583,CCL17,"CD4-positive, CD25-positive, alpha-beta regulatory T cell;CD4-positive, alpha-beta T cell;Leydig cell",CL_0000792;CL_0000624;CL_0000178
P80098,CCL7,neutrophil;classical monocyte;eosinophil;neuron;leukocyte;B cell;endothelial cell of vascular tree;microglial cell;mature B cell;astrocyte,CL_0000775;CL_0000129;CL_0000738;CL_0000785;CL_0000236;CL_0000860;CL_0000771;CL_0000540;CL_0000127;CL_0002139
P78556,CCL20,"T-helper 17 cell;lymphocyte;T cell;leukocyte;enterocyte;CD4-positive, CD25-positive, alpha-beta regulatory T cell;keratinocyte;mammary epithelial cell;osteoblast;fibroblast;CD8-positive, alpha-beta cytotoxic T cell;intestinal epithelial cell;macrophage;T-helper 9 cell;dendritic cell;neuron;T-helper 1 cell;epithelial cell;B cell;fat cell;hematopoietic stem cell;neutrophil;effector T cell",CL_0000899;CL_0000542;CL_0000084;CL_0000738;CL_0000584;CL_0000312;CL_0000792;CL_0000066;CL_0000235;CL_0002563;CL_0000451;CL_0000136;CL_0000037;CL_0000775;CL_0000911;CL_0002327;CL_0000062;CL_0000057;CL_0000236;CL_0002061;CL_0000540;CL_0000545;CL_0000794
P32970,CD70,fibroblast;B cell,CL_0000236;CL_0000057
P29965,CD40LG,"platelet;T cell;B cell;CD4-positive, alpha-beta T cell;dendritic cell;lymphocyte;leukocyte;monocyte;fibroblast;CD8-positive, alpha-beta T cell;macrophage;regulatory B cell;endothelial cell;eosinophil;neuron;T-helper 1 cell;CD4-positive, CD25-positive, alpha-beta regulatory T cell;memory B cell;myeloblast;effector T cell;naive T cell;B-1a B cell;marginal zone B cell;mast cell;microglial cell;astrocyte;natural killer cell;adult endothelial progenitor cell;neutrophil;fat cell;CD8-positive, alpha-beta cytotoxic T cell;regulatory T cell;aortic endothelial cell;plasmacytoid dendritic cell;CD8-positive, alpha-beta memory T cell",CL_0000233;CL_0000084;CL_0000236;CL_0000624;CL_0000451;CL_0000576;CL_0000542;CL_0000738;CL_0000057;CL_0000625;CL_0000235;CL_0000969;CL_0000115;CL_0000771;CL_0000540;CL_0000545;CL_0000815;CL_0000127;CL_0002619;CL_0000784;CL_0000623;CL_0000775;CL_0000794;CL_0000787;CL_0000835;CL_0000911;CL_0000898;CL_0000845;CL_0000097;CL_0000129;CL_0002544;CL_0000909;CL_0000136;CL_0000792;CL_0000820
P13501,CCL5,"T cell;leukocyte;CD8-positive, alpha-beta T cell;monocyte;lymphocyte;macrophage;hepatocyte;microglial cell;type B pancreatic cell;B cell;CD4-positive, alpha-beta intraepithelial T cell;CD4-positive, CD25-positive, alpha-beta regulatory T cell;effector T cell;stromal cell;platelet;alveolar macrophage;neutrophil;neuron;glial cell;astrocyte;osteoclast;mesenchymal cell;eosinophil;respiratory epithelial cell;mast cell;cardiac muscle cell",CL_0000084;CL_0000738;CL_0000235;CL_0000182;CL_0000625;CL_0000129;CL_0000576;CL_0000542;CL_0000233;CL_0000092;CL_0000792;CL_0000134;CL_0000583;CL_0000771;CL_0002368;CL_0000097;CL_0000775;CL_0000127;CL_0000169;CL_0000911;CL_0000499;CL_0000540;CL_0000125;CL_0000746;CL_0000236;CL_0000793
Q99731,CCL19,macrophage;T cell;T-helper 1 cell;natural killer cell;eosinophil,CL_0000235;CL_0000084;CL_0000623;CL_0000771;CL_0000545
P22362,CCL1,"CD4-positive, alpha-beta T cell;lymphocyte;T cell;macrophage;mast cell;embryonic stem cell;T-helper 2 cell",CL_0000624;CL_0000084;CL_0000542;CL_0000097;CL_0000235;CL_0002322;CL_0000546
Q9Y4X3,CCL27,"keratinocyte;T cell;CD4-positive, alpha-beta T cell;stem cell;leukocyte",CL_0000084;CL_0000312;CL_0000624;CL_0000034;CL_0000738
O00626,CCL22,"macrophage;CD4-positive, CD25-positive, alpha-beta regulatory T cell;T cell;alveolar macrophage;plasmacytoid dendritic cell;dendritic cell;T-helper 2 cell;thymocyte;induced T-regulatory cell",CL_0000235;CL_0000792;CL_0000084;CL_0000893;CL_0000902;CL_0000583;CL_0000784;CL_0000451;CL_0000546
O00175,CCL24,eosinophil;trophoblast cell,CL_0000771;CL_0000351
O15444,CCL25,"T cell;thymocyte;CD4-positive, CD25-positive, alpha-beta regulatory T cell;CD8-positive, alpha-beta T cell;mesenchymal cell;monocyte;lymphocyte",CL_0000084;CL_0000576;CL_0000792;CL_0000625;CL_0000542;CL_0000893;CL_0000134
Q16663,CCL15,leukocyte;monocyte;endothelial cell;myeloid lineage restricted progenitor cell;eosinophil;osteoclast,CL_0000738;CL_0000771;CL_0000092;CL_0000839;CL_0000576;CL_0000115
P55774,CCL18,"T cell;precursor B cell;lymphocyte;CD4-positive, alpha-beta T cell;eosinophil;endothelial cell;leukocyte;macrophage;fat cell",CL_0000084;CL_0000542;CL_0000738;CL_0000235;CL_0000136;CL_0000624;CL_0000817;CL_0000771;CL_0000115
P51671,CCL11,"eosinophil;fibroblast;basophil;leukocyte;mast cell;T cell;epithelial cell;monocyte;eosinophil progenitor cell;B cell;tanycyte;CD4-positive, alpha-beta T cell;T-helper 2 cell",CL_0000771;CL_0000057;CL_0000767;CL_0000738;CL_0000097;CL_0000576;CL_0000084;CL_0000066;CL_0000236;CL_0000546;CL_0000624;CL_0000611;CL_0002085
O15467,CCL16,eosinophil;endothelial cell of vascular tree,CL_0002139;CL_0000771
P09919,CSF3,"neutrophil;stem cell;hematopoietic stem cell;granulocyte;peripheral blood stem cell;leukocyte;myeloid cell;T cell;monocyte;mature neutrophil;neuron;granulocyte monocyte progenitor cell;platelet;endothelial cell;myeloid lineage restricted progenitor cell;CD4-positive, CD25-positive, alpha-beta regulatory T cell;lymphocyte;macrophage;common myeloid progenitor;B cell;adult endothelial progenitor cell;myeloblast;osteoclast;cardiac muscle cell;plasma cell;fibroblast;bone marrow cell;natural killer cell;mesenchymal cell;oocyte;bladder cell;motor neuron;dopaminergic neuron;eosinophil;osteoblast;hippocampal neuron;hepatocyte;CD8-positive, alpha-beta T cell;megakaryocyte;microglial cell;blood cell;CD4-positive, alpha-beta T cell;astrocyte;neural cell;peritoneal macrophage;smooth muscle myoblast;dendritic cell;T-helper 17 cell;keratinocyte;myelinating Schwann cell;myotube;hepatic stem cell;synovial cell;T-helper 2 cell;mature NK T cell;immature neutrophil;muscle cell;T-helper 1 cell;enterocyte;germ cell;trophoblast cell",CL_0000775;CL_0000034;CL_0000037;CL_0000094;CL_0002246;CL_0000738;CL_0000763;CL_0000084;CL_0000576;CL_0000540;CL_0000096;CL_0000557;CL_0000233;CL_0000542;CL_0000792;CL_0000115;CL_0000839;CL_0000236;CL_0002619;CL_0000235;CL_0000049;CL_0000835;CL_0000746;CL_0000623;CL_0000134;CL_0000092;CL_0000786;CL_0000057;CL_0002092;CL_1001319;CL_0000182;CL_0000556;CL_0000023;CL_0000100;CL_0000700;CL_0000771;CL_0000625;CL_0000062;CL_0002608;CL_0000581;CL_0000545;CL_0000584;CL_0000586;CL_0000351;CL_0000081;CL_0000624;CL_0000129;CL_0002319;CL_0000514;CL_0000451;CL_0000899;CL_0000312;CL_0000218;CL_0002372;CL_0002195;CL_0000214;CL_0000546;CL_0000814;CL_0000776;CL_0000187;CL_0000127
P10147,CCL3,"osteoclast;leukocyte;macrophage;eosinophil;T cell;neutrophil;hematopoietic stem cell;stem cell;mesenchymal cell;basophil;CD4-positive, alpha-beta T cell;monocyte;hepatic stellate cell;astrocyte;natural killer cell;mast cell;CD8-positive, alpha-beta T cell;granulocyte monocyte progenitor cell;erythroid progenitor cell;platelet;common myeloid progenitor;plasma cell;microglial cell;neuron;effector T cell;keratinocyte;alveolar macrophage;myelinating Schwann cell",CL_0000092;CL_0000738;CL_0000235;CL_0000771;CL_0000084;CL_0000034;CL_0000775;CL_0000037;CL_0000576;CL_0000767;CL_0000624;CL_0000134;CL_0000625;CL_0000911;CL_0000312;CL_0000557;CL_0000218;CL_0000540;CL_0000632;CL_0000623;CL_0000097;CL_0000038;CL_0000583;CL_0000233;CL_0000049;CL_0000786;CL_0000129;CL_0000127
Q99616,CCL13,neuron;macrophage;eosinophil,CL_0000771;CL_0000540;CL_0000235
P09603,CSF1,"macrophage;osteoclast;monocyte;mononuclear phagocyte;stromal cell;fibroblast;microglial cell;T cell;peritoneal macrophage;Kupffer cell;granulocyte;osteoblast;platelet;bone marrow cell;myeloid cell;stem cell;astrocyte;neuron;myoblast;CD4-positive, alpha-beta T cell;keratinocyte;epithelial cell;chondrocyte;erythroid progenitor cell;neutrophil;sperm;intermediate monocyte;endothelial cell;CD14-positive, CD16-positive monocyte;cardiac muscle cell;granulosa cell;erythrocyte;oocyte;ligament cell;bone marrow macrophage;preadipocyte;thymocyte;hematopoietic stem cell;endothelial cell of vascular tree;myotube",CL_0000235;CL_0000092;CL_0000576;CL_0000113;CL_0000499;CL_0000057;CL_0000084;CL_0000129;CL_0000581;CL_0000091;CL_0000233;CL_0000094;CL_0000062;CL_0002092;CL_0000540;CL_0000034;CL_0000127;CL_0000763;CL_0000312;CL_0000066;CL_0000138;CL_0000624;CL_0000056;CL_0000023;CL_0000384;CL_0000038;CL_0002334;CL_0000115;CL_0000775;CL_0002397;CL_0000746;CL_0000232;CL_0000893;CL_0000037;CL_0002139;CL_0002372;CL_0002476;CL_0000019;CL_0002393;CL_0000501
P35225,IL13,"T cell;goblet cell;B cell;eosinophil;monocyte;basophil;macrophage;T-helper 2 cell;respiratory epithelial cell;fibroblast;CD8-positive, alpha-beta T cell;mast cell;leukocyte;epithelial cell;bronchial epithelial cell;CD4-positive, alpha-beta T cell;neuron;alternatively activated macrophage;keratocyte;lymphocyte;glomerular visceral epithelial cell;hepatocyte;multinucleated giant cell;ciliated epithelial cell;erythrocyte;fibrocyte;CD4-positive helper T cell;hippocampal neuron;mature NK T cell;stem cell;T-helper 1 cell;T-helper 17 cell;CD4-positive, alpha-beta intraepithelial T cell",CL_0000084;CL_0000160;CL_0000236;CL_0000771;CL_0000767;CL_0000235;CL_0000576;CL_0000546;CL_0002368;CL_0000625;CL_0000097;CL_0000057;CL_0002328;CL_0000066;CL_0000624;CL_0000738;CL_0002363;CL_0000542;CL_0000890;CL_0000653;CL_0000540;CL_0000492;CL_0000182;CL_0000899;CL_0000647;CL_0000067;CL_0000793;CL_0000232;CL_0000135;CL_0002608;CL_0000814;CL_0000034;CL_0000545
Q6EBC2,IL31,T cell;sensory neuron;T-helper 2 cell;keratinocyte;neuron;epidermal cell,CL_0000084;CL_0000101;CL_0000546;CL_0000312;CL_0000362;CL_0000540
P05113,IL5,"eosinophil;T cell;B cell;CD4-positive, alpha-beta T cell;T-helper 2 cell;lymphocyte;CD8-positive, alpha-beta T cell;B-1 B cell;bone marrow cell;basophil;stromal cell;neutrophil;macrophage;regulatory T cell;B-1a B cell;mature eosinophil;helper T cell;eosinophil progenitor cell;stem cell;pericyte cell;cardiac muscle cell",CL_0000771;CL_0000084;CL_0000236;CL_0000624;CL_0000546;CL_0000542;CL_0000625;CL_0000819;CL_0002092;CL_0000767;CL_0000034;CL_0000669;CL_0000041;CL_0000820;CL_0000235;CL_0000775;CL_0000499;CL_0000815;CL_0000912;CL_0000746;CL_0000611
P01584,IL1B,"macrophage;monocyte;chondrocyte;neutrophil;fibroblast;microglial cell;astrocyte;leukocyte;synovial cell;neuron;type B pancreatic cell;platelet;peritoneal macrophage;osteoblast;alveolar macrophage;lymphocyte;eosinophil;keratinocyte;endothelial cell;epithelial cell;osteoclast;Kupffer cell;T cell;stromal cell;mesangial cell;myeloid cell;fat cell;T-helper 17 cell;hepatocyte;articular chondrocyte;CD4-positive, CD25-positive, alpha-beta regulatory T cell;B cell;respiratory epithelial cell;oligodendrocyte;glial cell;inflammatory macrophage;smooth muscle cell;T-helper 2 cell;mononuclear phagocyte;cardiac fibroblast;preadipocyte;mesenchymal cell;natural killer cell;plasma cell;muscle cell;mast cell;megakaryocyte;CD4-positive, alpha-beta T cell;cardiac muscle cell;embryonic stem cell;hematopoietic stem cell;osteocyte;glomerular visceral epithelial cell;granulocyte;foreskin fibroblast;basophil;fibrocyte;myoblast;endothelial cell of lymphatic vessel;hippocampal neuron;Langerhans cell;melanocyte;T-helper 1 cell;professional antigen presenting cell;leptomeningeal cell;parietal cell;tendon cell;vascular associated smooth muscle cell;effector T cell;memory T cell;odontoblast;epithelial cell of lung;Clara cell;gingival epithelial cell;splenic macrophage;cytotoxic T cell;pneumocyte;acinar cell;dopaminergic neuron;enterocyte;epidermal cell;type I pneumocyte;neural cell;blood cell;regular atrial cardiac myocyte;precursor B cell;intermediate monocyte;motor neuron;pancreatic stellate cell;vein endothelial cell;retinal cell;B-1a B cell;lung endothelial cell;goblet cell;corneal epithelial cell;bronchial epithelial cell",CL_0000235;CL_0000576;CL_0000138;CL_0000775;CL_0000129;CL_0000057;CL_0000127;CL_0000738;CL_0000214;CL_0000540;CL_0000169;CL_0000233;CL_0000581;CL_0000062;CL_0000583;CL_0000771;CL_0000312;CL_0000115;CL_0000542;CL_0000499;CL_0000066;CL_0000092;CL_0000091;CL_0000084;CL_0000182;CL_0000650;CL_0000763;CL_0000136;CL_0000899;CL_0000863;CL_1001607;CL_0000792;CL_0000192;CL_0000236;CL_0002368;CL_0000128;CL_0000125;CL_0000037;CL_0000137;CL_0000653;CL_0000094;CL_1001608;CL_0000624;CL_0000746;CL_0000546;CL_0000113;CL_0002334;CL_0000134;CL_0000623;CL_0000786;CL_0000187;CL_0000097;CL_0000556;CL_0002322;CL_0002548;CL_0002319;CL_0002608;CL_0000453;CL_0002129;CL_0000359;CL_0000911;CL_0000817;CL_0002393;CL_0000100;CL_0002621;CL_0002410;CL_0002543;CL_0000162;CL_0009004;CL_0000584;CL_1001567;CL_0000160;CL_0000545;CL_0000082;CL_0000622;CL_0000158;CL_0000575;CL_0000135;CL_0000056;CL_0002138;CL_0000148;CL_0000145;CL_0000708;CL_0000081;CL_0000388;CL_0000813;CL_0000060;CL_0000871;CL_0000820;CL_0000910;CL_0000322;CL_0000700;CL_0002328;CL_0000767;CL_0000362;CL_0002062
Q9NPH9,IL26,natural killer cell,CL_0000623
P40933,IL15,"natural killer cell;T cell;CD8-positive, alpha-beta T cell;lymphocyte;B cell;CD4-positive, CD25-positive, alpha-beta regulatory T cell;CD4-positive, alpha-beta T cell;monocyte;neutrophil;intestinal epithelial cell;epithelial cell;mature natural killer cell;mast cell;keratinocyte;macrophage;T-helper 1 cell;effector T cell;eosinophil;CD8-positive, alpha-beta memory T cell;memory T cell;effector memory CD8-positive, alpha-beta T cell;mature NK T cell;gamma-delta T cell;fat cell;naive T cell;female germ cell;hematopoietic stem cell;CD4-positive, alpha-beta intraepithelial T cell;endothelial cell;hepatocyte;leukocyte;IgA memory B cell;osteoclast;microglial cell;stromal cell;dendritic cell;cardiac muscle cell;fibroblast;CD8-positive, alpha-beta thymocyte;myotube;myoblast;myeloid cell;cytotoxic T cell",CL_0000623;CL_0000084;CL_0000625;CL_0000542;CL_0000236;CL_0000775;CL_0000792;CL_0000624;CL_0000576;CL_0002563;CL_0000312;CL_0000235;CL_0000545;CL_0000066;CL_0000824;CL_0000097;CL_0000814;CL_0000798;CL_0000136;CL_0000898;CL_0000911;CL_0000771;CL_0000909;CL_0000813;CL_0000913;CL_0000057;CL_0000182;CL_0002372;CL_0000056;CL_0000738;CL_0000763;CL_0000910;CL_0000793;CL_0000021;CL_0000037;CL_0000115;CL_0000746;CL_0000811;CL_0000973;CL_0000092;CL_0000129;CL_0000499;CL_0000451
Q9HBE4,IL21,"B cell;CD4-positive, alpha-beta T cell;CD8-positive, alpha-beta T cell;T cell;natural killer cell;T-helper 17 cell;T follicular helper cell;lymphocyte;CD4-positive, CD25-positive, alpha-beta regulatory T cell;plasma cell;T-helper 1 cell;mature NK T cell;macrophage;germinal center B cell;leukocyte;intestinal epithelial cell;regulatory B cell;conventional dendritic cell;stromal cell;mature natural killer cell;neutrophil;alternatively activated macrophage;fibroblast;mast cell;CD4-positive, alpha-beta intraepithelial T cell;regulatory T cell;memory B cell;CD4-positive, alpha-beta memory T cell;professional antigen presenting cell;T-helper 9 cell;keratinocyte;CD8-positive, alpha-beta cytotoxic T cell",CL_0000236;CL_0000624;CL_0000625;CL_0000084;CL_0000623;CL_0002038;CL_0000899;CL_0000542;CL_0000792;CL_0000786;CL_0000545;CL_0000738;CL_0000814;CL_0000235;CL_0000844;CL_0000097;CL_0000824;CL_0000815;CL_0000787;CL_0000145;CL_0002061;CL_0000312;CL_0000057;CL_0000890;CL_0002563;CL_0000969;CL_0000990;CL_0000793;CL_0000499;CL_0000775;CL_0000897;CL_0000794
Q9GZX6,IL22,"T-helper 22 cell;keratinocyte;T cell;T-helper 17 cell;CD4-positive, alpha-beta T cell;epithelial cell;hepatocyte;T-helper 1 cell;natural killer cell;eosinophil;helper T cell;neutrophil;leukocyte;hematopoietic stem cell;paneth cell;mast cell;tracheal epithelial cell;type B pancreatic cell;osteoclast;regulatory T cell;B cell;lining cell;effector T cell;embryonic stem cell;goblet cell;fibroblast;intestinal epithelial cell;alveolar macrophage;epithelial cell of lung;CD8-positive, alpha-beta T cell;mononuclear phagocyte;respiratory epithelial cell;retinal pigment epithelial cell",CL_0001042;CL_0000312;CL_0000084;CL_0000624;CL_0000899;CL_0000066;CL_0000182;CL_0000545;CL_0000623;CL_0000775;CL_0000738;CL_0000037;CL_0000771;CL_0000912;CL_0000307;CL_0000082;CL_0000236;CL_0000057;CL_0000113;CL_0002368;CL_0002586;CL_0002322;CL_0000510;CL_0000097;CL_0000583;CL_0000169;CL_0000092;CL_0000815;CL_0000213;CL_0000625;CL_0000911;CL_0000160;CL_0002563
P05112,IL4,"T cell;B cell;CD4-positive, alpha-beta T cell;T-helper 2 cell;macrophage;basophil;lymphocyte;mast cell;monocyte;eosinophil;T-helper 1 cell;CD8-positive, alpha-beta T cell;thymocyte;osteoclast;naive T cell;alternatively activated macrophage;natural killer cell;helper T cell;fibroblast;neutrophil;dendritic cell;microglial cell;mature NK T cell;myeloid cell;CD4-positive, CD25-positive, alpha-beta regulatory T cell;leukocyte;memory T cell;cytotoxic T cell;naive B cell;synovial cell;inflammatory macrophage;peritoneal macrophage;Langerhans cell;stromal cell;erythroid progenitor cell;hepatocyte;endothelial cell;granulocyte monocyte progenitor cell;bronchial epithelial cell;keratinocyte;immature B cell;astrocyte;multinucleated giant cell;goblet cell;germinal center B cell;Tc1 cell;epithelial cell;T-helper 17 cell;bone marrow cell;fat cell;regulatory T cell;hematopoietic stem cell;megakaryocyte;smooth muscle cell;neuron;embryonic stem cell;effector memory CD4-positive, alpha-beta T cell;bone cell;T-helper 9 cell;odontoclast;fibrocyte;promyelocyte;retinal cell;CD4-positive, alpha-beta memory T cell;alveolar macrophage;CD8-positive, alpha-beta cytotoxic T cell;induced T-regulatory cell;myoblast;keratocyte;aortic endothelial cell;myeloid suppressor cell;basal cell;mature microglial cell;preadipocyte;naive thymus-derived CD4-positive, alpha-beta T cell;CD8-positive, alpha-beta regulatory T cell;pro-B cell;CD4-positive helper T cell;hippocampal neuron;follicular dendritic cell;conventional dendritic cell",CL_0000084;CL_0000236;CL_0000624;CL_0000546;CL_0000235;CL_0000767;CL_0000542;CL_0000097;CL_0000576;CL_0000771;CL_0000545;CL_0000625;CL_0000893;CL_0000092;CL_0000898;CL_0000890;CL_0000057;CL_0000623;CL_0000912;CL_0000775;CL_0000129;CL_0000814;CL_0000451;CL_0000792;CL_0000738;CL_0000813;CL_0000763;CL_0000182;CL_0000115;CL_0000557;CL_0000910;CL_0000788;CL_0000214;CL_0000863;CL_0002328;CL_0000581;CL_0000453;CL_0000499;CL_0000038;CL_0000312;CL_0000066;CL_0000899;CL_0000127;CL_0000136;CL_0000815;CL_0000037;CL_0000816;CL_0002092;CL_0000647;CL_0000160;CL_0000844;CL_0000917;CL_0002334;CL_0000895;CL_0001035;CL_0000192;CL_0000826;CL_0000897;CL_0002608;CL_0000556;CL_0000583;CL_0000794;CL_0000442;CL_0000990;CL_0002544;CL_0000902;CL_0000646;CL_0000540;CL_0002322;CL_0000905;CL_0002061;CL_0000588;CL_0000135;CL_0000836;CL_0009004;CL_0000795;CL_0000492;CL_0000056;CL_0002363;CL_0000889;CL_0002629
Q14213,EBI3,"macrophage;CD4-positive, alpha-beta T cell;CD8-positive, alpha-beta T cell",CL_0000624;CL_0000625;CL_0000235
Q9P0M4,IL17C,T-helper 17 cell,CL_0000899
Q9H293,IL25,"eosinophil;T-helper 2 cell;endothelial cell;fibroblast;macrophage;T cell;T-helper 17 cell;epithelial cell;CD4-positive, CD25-positive, alpha-beta regulatory T cell;T-helper 9 cell;plasmacytoid dendritic cell;basophil;B cell;inflammatory macrophage;vascular associated smooth muscle cell;CD4-positive, alpha-beta T cell;T-helper 1 cell;dendritic cell",CL_0000771;CL_0000546;CL_0000084;CL_0000115;CL_0000057;CL_0000235;CL_0000545;CL_0000066;CL_0000899;CL_0000792;CL_0000451;CL_0000767;CL_0000863;CL_0000236;CL_0000624;CL_0002061;CL_0000784;CL_0000359
Q8NEV9,IL27,"T-helper 17 cell;T cell;macrophage;T-helper 1 cell;CD8-positive, alpha-beta T cell;CD4-positive, CD25-positive, alpha-beta regulatory T cell;neutrophil;B cell;hepatocyte;CD4-positive, alpha-beta T cell;natural killer cell;regulatory T cell;myeloid cell;microglial cell;pneumocyte;dendritic cell;T-helper 2 cell;hematopoietic stem cell;monocyte;platelet;germinal center B cell;professional antigen presenting cell;osteoclast;Tr1 cell;helper T cell;endothelial cell;Tc17 cell;CD8-positive, alpha-beta memory T cell;T follicular helper cell;mature NK T cell;naive T cell;osteoblast;mature B cell;mesothelial cell of pleura;cardiac muscle cell;T-helper 9 cell;eosinophil",CL_0000899;CL_0000545;CL_0000084;CL_0000235;CL_0000625;CL_0000775;CL_0000792;CL_0000236;CL_0000623;CL_0000624;CL_0000182;CL_0000062;CL_0000451;CL_0000546;CL_0000785;CL_1000491;CL_0002061;CL_0000092;CL_0000771;CL_0000576;CL_0000233;CL_0000901;CL_0000909;CL_0000815;CL_0000763;CL_0000129;CL_0000746;CL_0000322;CL_0000037;CL_0000844;CL_0000145;CL_0000912;CL_0000115;CL_0002128;CL_0002038;CL_0000814;CL_0000898
P01562,IFNA1,"leukocyte;CD4-positive, alpha-beta T cell",CL_0000624;CL_0000738
Q14116,IL18,"macrophage;T cell;natural killer cell;keratinocyte;monocyte;neutrophil;T-helper 1 cell;leukocyte;CD4-positive, alpha-beta T cell;T-helper 2 cell;dendritic cell;lymphocyte;endothelial cell;CD8-positive, alpha-beta T cell;eosinophil;osteoblast;cardiac muscle cell;articular chondrocyte;B cell;goblet cell;cytotoxic T cell;neuron;osteoclast;mature NK T cell;hepatocyte;erythrocyte;theca cell;fibroblast;chondrocyte;epithelial cell;muscle cell;Kupffer cell;CD4-positive, alpha-beta intraepithelial T cell;peritoneal macrophage;glial cell;CD4-positive, CD25-positive, alpha-beta regulatory T cell;oocyte;basophil;acinar cell;early T lineage precursor;glutamatergic neuron;multinucleated giant cell;hair follicle melanocyte",CL_0000235;CL_0000084;CL_0000623;CL_0000312;CL_0000576;CL_0000775;CL_0000545;CL_0000738;CL_0000624;CL_0000451;CL_0000546;CL_0000771;CL_0000625;CL_0000542;CL_0000115;CL_0000746;CL_0000540;CL_1001607;CL_0000092;CL_0000814;CL_0000182;CL_0000236;CL_0000062;CL_0000160;CL_0000910;CL_0000057;CL_0000125;CL_0002425;CL_0000793;CL_0000091;CL_0000679;CL_0000792;CL_0000647;CL_0002483;CL_0000232;CL_0000503;CL_0000767;CL_0000138;CL_0000622;CL_0000066;CL_0000187;CL_0000581;CL_0000023
P20809,IL11,stem cell;stromal cell;fibroblast;osteoblast;platelet;megakaryocyte;osteoclast;epithelial cell;B cell;erythroid progenitor cell;vascular associated smooth muscle cell;bone marrow cell;T-helper 2 cell;macrophage;cardiac muscle cell;oligodendrocyte;chondrocyte;intestinal epithelial cell;granulocyte monocyte progenitor cell;mast cell,CL_0000233;CL_0000034;CL_0000499;CL_0000057;CL_0000062;CL_0000556;CL_0000092;CL_0000038;CL_0000066;CL_0000236;CL_0002092;CL_0002563;CL_0000359;CL_0000128;CL_0000746;CL_0000557;CL_0000097;CL_0000235;CL_0000546;CL_0000138
Q16552,IL17A,"T cell;T-helper 17 cell;CD4-positive, alpha-beta T cell;neutrophil;B cell;macrophage;leukocyte;fat cell;cardiac muscle cell;CD8-positive, alpha-beta T cell;lymphocyte;keratinocyte;respiratory epithelial cell;T-helper 1 cell;goblet cell;eosinophil;CD4-positive, CD25-positive, alpha-beta regulatory T cell;platelet;myeloid cell;natural killer cell;osteoclast;intestinal epithelial cell;monocyte;fibroblast;astrocyte;keratocyte;epithelial cell of lung;cytotoxic T cell;osteoblast;mature neutrophil;stromal cell;hematopoietic stem cell;endothelial cell;alveolar macrophage;T-helper 2 cell;fetal cardiomyocyte;retinal cell;synovial cell;vascular associated smooth muscle cell;glial cell;mesenchymal cell;type B pancreatic cell;cardiac fibroblast;hepatocyte;epithelial cell;tendon cell",CL_0000084;CL_0000899;CL_0000624;CL_0000775;CL_0000235;CL_0000236;CL_0000738;CL_0000312;CL_0000746;CL_0000625;CL_0000136;CL_0000542;CL_0000792;CL_0000545;CL_0002563;CL_0000576;CL_0000057;CL_0002368;CL_0000160;CL_0000771;CL_0000233;CL_0000763;CL_0000623;CL_0000127;CL_0000092;CL_0000169;CL_0000082;CL_0000182;CL_0000066;CL_0000499;CL_0000388;CL_0000583;CL_0000125;CL_0002363;CL_0000910;CL_0000062;CL_0002548;CL_0000096;CL_0000037;CL_0000115;CL_0000546;CL_0002495;CL_0009004;CL_0000214;CL_0000359;CL_0000134
Q13007,IL24,melanocyte;keratinocyte;T-helper 2 cell;lymphocyte;B cell;vascular associated smooth muscle cell;embryonic stem cell;myeloid cell,CL_0000148;CL_0002322;CL_0000763;CL_0000312;CL_0000546;CL_0000542;CL_0000359;CL_0000236
P01574,IFNB1,"fibroblast;macrophage;T cell;monocyte;B cell;natural killer cell;leukocyte;CD4-positive, alpha-beta T cell;T-helper 17 cell;lymphocyte;neutrophil;astrocyte;T-helper 1 cell;glial cell;inflammatory macrophage;neuron;endothelial cell;CD4-positive, CD25-positive, alpha-beta regulatory T cell;dendritic cell;endothelial cell of lymphatic vessel;osteoclast;epithelial cell;peritoneal macrophage;melanocyte;basal cell;CD8-positive, alpha-beta T cell;epithelial cell of thymus;plasmacytoid dendritic cell;microglial cell;regulatory B cell;cytotoxic T cell;mature microglial cell;natural T-regulatory cell;myoblast;glomerular visceral epithelial cell;respiratory epithelial cell;smooth muscle cell;dopaminergic neuron",CL_0000057;CL_0000235;CL_0000084;CL_0000576;CL_0000236;CL_0000623;CL_0000738;CL_0000542;CL_0000775;CL_0000545;CL_0000899;CL_0000127;CL_0000624;CL_0000115;CL_0000451;CL_0000125;CL_0000792;CL_0000863;CL_0000540;CL_0000581;CL_0002368;CL_0000192;CL_0000625;CL_0000700;CL_0000129;CL_0002138;CL_0000092;CL_0000066;CL_0000148;CL_0002293;CL_0000784;CL_0000969;CL_0000910;CL_0002629;CL_0000903;CL_0000056;CL_0000653;CL_0000646
P05013,IFNA6,"CD8-positive, alpha-beta T cell",CL_0000625
P01579,IFNG,"T cell;CD8-positive, alpha-beta T cell;natural killer cell;CD4-positive, alpha-beta T cell;macrophage;lymphocyte;T-helper 1 cell;monocyte;leukocyte;CD4-positive, CD25-positive, alpha-beta regulatory T cell;B cell;keratinocyte;neutrophil;fibroblast;dendritic cell;peritoneal macrophage;endothelial cell;eosinophil;cytotoxic T cell;microglial cell;hepatocyte;memory T cell;neuron;gamma-delta T cell;epithelial cell;mature NK T cell;T-helper 2 cell;effector T cell;mast cell;Tc1 cell;astrocyte;mononuclear phagocyte;CD8-positive, alpha-beta cytotoxic T cell;helper T cell;alveolar macrophage;CD8-positive, alpha-beta memory T cell;inflammatory macrophage;hematopoietic stem cell;cardiac muscle cell;oligodendrocyte;T-helper 17 cell;osteoclast;CD4-positive, alpha-beta intraepithelial T cell;mature natural killer cell;CD8-positive, CD28-negative, alpha-beta regulatory T cell;thymocyte;mesenchymal cell;erythrocyte;megakaryocyte;platelet;granulocyte monocyte progenitor cell;granulocyte;erythroid progenitor cell;Kupffer cell;mature neutrophil;enterocyte;stem cell;endothelial cell of vascular tree;intestinal epithelial cell;trophoblast cell;chondrocyte;naive T cell;myeloid dendritic cell;CD4-positive helper T cell;myoblast;mesangial cell;respiratory epithelial cell;smooth muscle cell;type B pancreatic cell;professional antigen presenting cell;bronchial epithelial cell;intraepithelial lymphocyte;keratocyte;multinucleated giant cell;muscle cell;goblet cell;conventional dendritic cell;PP cell;stromal cell;dendritic epidermal T cell;Leydig cell;mucus secreting cell;neuronal stem cell;mature astrocyte;lung endothelial cell;follicular dendritic cell;myeloid cell;lens epithelial cell;epidermal cell;germinal center B cell;Langerhans cell;bladder cell;fat cell;reticulocyte;dopaminergic neuron;CD8-positive, alpha-beta thymocyte;melanocyte;epithelial cell of lung;decidual natural killer cell;interstitial cell of Cajal;endothelial cell of lymphatic vessel;bone marrow macrophage;embryonic stem cell;retinal pigment epithelial cell;alternatively activated macrophage;cholangiocyte;sensory neuron;osteoblast;Clara cell;regulatory T cell;stellate cell;immature B cell;T-helper 9 cell;skin fibroblast;oncocyte;vascular associated smooth muscle cell;pericyte cell;germ cell;lining cell;adipose macrophage;Be cell;CD8-positive, alpha-beta regulatory T cell",CL_0000084;CL_0000625;CL_0000623;CL_0000624;CL_0000235;CL_0000542;CL_0000545;CL_0000576;CL_0000738;CL_0000792;CL_0000236;CL_0000312;CL_0000775;CL_0000451;CL_0000057;CL_0000581;CL_0000115;CL_0000910;CL_0000771;CL_0000129;CL_0000182;CL_0000813;CL_0000066;CL_0000540;CL_0000798;CL_0000546;CL_0000814;CL_0000911;CL_0000097;CL_0000917;CL_0000794;CL_0000113;CL_0000127;CL_0000912;CL_0000583;CL_0000909;CL_0000863;CL_0000092;CL_0000037;CL_0000128;CL_0000793;CL_0000899;CL_0000746;CL_0000557;CL_0000094;CL_0000038;CL_0000824;CL_0000893;CL_0000134;CL_0000232;CL_0000556;CL_0000233;CL_0000920;CL_0000138;CL_0000584;CL_0000898;CL_0000782;CL_0000056;CL_0000091;CL_0000096;CL_0000034;CL_0002139;CL_0000492;CL_0002563;CL_0000351;CL_0002328;CL_0000169;CL_0000160;CL_0002368;CL_0000990;CL_0000696;CL_0000499;CL_0000916;CL_0000650;CL_0000192;CL_0000145;CL_0002496;CL_0002363;CL_0000647;CL_0000187;CL_0000122;CL_0000700;CL_1001319;CL_0000816;CL_0000763;CL_0000362;CL_0002061;CL_0002343;CL_0002620;CL_0000811;CL_0002198;CL_0002138;CL_0000359;CL_0000669;CL_0000586;CL_0000213;CL_0000148;CL_0002322;CL_0002476;CL_0000178;CL_0000890;CL_0000319;CL_0000047;CL_0002627;CL_1001567;CL_0000442;CL_0002224;CL_0000844;CL_0000453;CL_0000136;CL_0000558;CL_0000082;CL_0002088;CL_0002477;CL_0000968;CL_0000795;CL_0002586;CL_1000488;CL_0000101;CL_0000062;CL_0000158;CL_0000815
P01583,IL1A,"keratinocyte;macrophage;monocyte;fibroblast;osteoclast;endothelial cell;neutrophil;epithelial cell;T cell;hepatocyte;Sertoli cell;platelet;chondrocyte;B cell;stem cell;endothelial cell of vascular tree;leukocyte;stromal cell;vascular associated smooth muscle cell;cytotoxic T cell;natural killer cell;acinar cell;dopaminergic neuron;lymphocyte;CD4-positive, alpha-beta T cell;precursor B cell;preadipocyte;astrocyte;hair follicle melanocyte;stellate cell;marrow fibroblast;mast cell;endothelial cell of lymphatic vessel;Kupffer cell;T-helper 1 cell;helper T cell;mesenchymal cell",CL_0000312;CL_0000235;CL_0000576;CL_0000057;CL_0000092;CL_0000115;CL_0000775;CL_0000066;CL_0000084;CL_0000182;CL_0000216;CL_0000233;CL_0000138;CL_0000499;CL_0002139;CL_0000359;CL_0000034;CL_0000738;CL_0000236;CL_0002138;CL_0000091;CL_0000545;CL_0000624;CL_0000127;CL_0000912;CL_0000134;CL_0000910;CL_0000623;CL_0000700;CL_0000542;CL_0000817;CL_0002334;CL_0002483;CL_0000122;CL_0002240;CL_0000622;CL_0000097
P14210,HGF,epithelial cell;endothelial cell;mesenchymal cell;fibroblast;intestinal epithelial cell;stem cell;stromal cell;endothelial cell of vascular tree;melanocyte;type B pancreatic cell;neuron;neutrophil;macrophage;enteric neuron;dendritic cell;myofibroblast cell;kidney cell;osteoblast;myoblast;glomerular visceral epithelial cell;adult endothelial progenitor cell;zygote;trichogen cell;motor neuron;glomerular cell;smooth muscle myoblast;vascular associated smooth muscle cell;leukocyte;muscle cell;osteoclast;mesangial cell;hepatic stellate cell;bronchial epithelial cell;monocyte;keratinocyte;myeloid cell;enterocyte;cerebellar neuron,CL_0000066;CL_0000134;CL_0000115;CL_0000057;CL_0002563;CL_0000034;CL_0000499;CL_0002139;CL_0000540;CL_0000775;CL_0000235;CL_0000148;CL_0000169;CL_0000451;CL_0000632;CL_0002619;CL_0000576;CL_0000312;CL_0000584;CL_0000738;CL_0000763;CL_0007011;CL_0000186;CL_1000497;CL_0000062;CL_0000056;CL_0000653;CL_0002328;CL_0000365;CL_0000374;CL_0000100;CL_1000746;CL_0000514;CL_0000359;CL_1001611;CL_0000187;CL_0000092;CL_0000650
P09038,FGF2,"endothelial cell;neuron;fibroblast;osteoblast;melanocyte;astrocyte;stromal cell;smooth muscle cell;mesenchymal cell;myoblast;platelet;stem cell;chondrocyte;mast cell;endothelial cell of vascular tree;glial cell;oligodendrocyte;aortic endothelial cell;keratinocyte;osteoclast;vascular associated smooth muscle cell;synovial cell;germ cell;neuroblast (sensu Nematoda and Protostomia);hepatocyte;corneal endothelial cell;oocyte;macrophage;neuronal stem cell;cardiac muscle cell;hippocampal neuron;preadipocyte;leukocyte;articular chondrocyte;epithelial cell;endothelial cell of lymphatic vessel;multi fate stem cell;acinar cell;microglial cell;muscle cell;vein endothelial cell;fat cell;hemangioblast;lymphocyte;adult endothelial progenitor cell;embryonic stem cell;capillary endothelial cell;cementoblast;motor neuron;dopaminergic neuron;smooth muscle myoblast;osteocyte;bone marrow cell;myelinating Schwann cell;preosteoblast;melanoblast;crystallin accumulating cell;ependymal cell;hepatic stellate cell;granulosa cell;CD8-positive, alpha-beta T cell;neuron of cerebral cortex;skin fibroblast;Sertoli cell;oligodendrocyte precursor cell;neural cell;anterior cell;trichogen cell;cortical cell of adrenal gland;endodermal cell;mammotroph;lens epithelial cell;kidney cell;sensory hair cell;trophoblast cell;erythrocyte;dental pulp cell;blood cell;odontoblast;pluripotent stem cell",CL_0000115;CL_0000540;CL_0000057;CL_0000062;CL_0000148;CL_0000127;CL_0000192;CL_0000134;CL_0000499;CL_0000056;CL_0000233;CL_0000034;CL_0000097;CL_0000138;CL_0002139;CL_0000125;CL_0000128;CL_0000312;CL_0000092;CL_0002544;CL_0000359;CL_0000214;CL_0000047;CL_0002608;CL_0002334;CL_0000586;CL_0000338;CL_0000182;CL_0000132;CL_0000746;CL_0000023;CL_0000235;CL_1001607;CL_0000738;CL_0000622;CL_0000066;CL_0002322;CL_0000100;CL_0002138;CL_0000048;CL_0000129;CL_0000187;CL_0002619;CL_0002144;CL_0002543;CL_0000136;CL_0000061;CL_0002418;CL_0000542;CL_0000700;CL_0000514;CL_0000223;CL_0002311;CL_0000501;CL_0002224;CL_1000497;CL_0000855;CL_0000351;CL_0000232;CL_0002148;CL_0000625;CL_0002319;CL_0000306;CL_0002609;CL_0000261;CL_0000060;CL_0002620;CL_0000216;CL_0002248;CL_0000137;CL_0000218;CL_0007010;CL_0000541;CL_0000065;CL_0000632;CL_0000081;CL_0002453;CL_0000374;CL_0002092;CL_0002097
P05230,FGF1,neuron;endothelial cell;fibroblast;astrocyte;hepatocyte;ependymal cell;macrophage;preadipocyte;hematopoietic stem cell;neutrophil;lens epithelial cell;adult endothelial progenitor cell;T cell;osteoblast;cardiac muscle cell;mammary epithelial cell;chondrocyte;amacrine cell;microglial cell;fibroblast of outer membrane of prostatic capsule,CL_0000540;CL_0000057;CL_0000115;CL_0000127;CL_0000182;CL_0000065;CL_0000235;CL_0002327;CL_0000138;CL_0000129;CL_0002619;CL_1000300;CL_0000746;CL_0002334;CL_0000037;CL_0000775;CL_0002224;CL_0000561;CL_0000084;CL_0000062
Q9P0W0,IFNK,keratinocyte,CL_0000312
P29459,IL12A,T cell;B cell,CL_0000084;CL_0000236
Q8IU54,IFNL1,mast cell;macrophage;hepatocyte,CL_0000235;CL_0000182;CL_0000097
Q8IZJ0,IFNL2,T cell;neutrophil;eosinophil;natural killer cell,CL_0000771;CL_0000775;CL_0000623;CL_0000084
P01563,IFNA2,leukocyte;T cell,CL_0000738;CL_0000084
Q9UHD0,IL19,macrophage;alternatively activated macrophage;keratinocyte;leukocyte;mature microglial cell,CL_0000890;CL_0000738;CL_0002629;CL_0000235;CL_0000312
Q9UHF5,IL17B,fibroblast;neutrophil,CL_0000057;CL_0000775
P15248,IL9,"T-helper 9 cell;T cell;T-helper 2 cell;mast cell;eosinophil;B cell;leukocyte;T-helper 17 cell;keratinocyte;epithelial cell;goblet cell;CD4-positive, alpha-beta T cell;B-1 B cell;Tc1 cell;CD4-positive, CD25-positive, alpha-beta regulatory T cell;neutrophil",CL_0002061;CL_0000084;CL_0000546;CL_0000097;CL_0000236;CL_0000899;CL_0000771;CL_0000738;CL_0000624;CL_0000819;CL_0000160;CL_0000775;CL_0000792;CL_0000312;CL_0000066;CL_0000917
P40225,THPO,platelet;megakaryocyte;megakaryocyte-erythroid progenitor cell;mesenchymal cell;stem cell;hematopoietic stem cell;neuron;cardiac muscle cell;blood cell;plasma cell;mast cell;hematopoietic multipotent progenitor cell,CL_0000233;CL_0000556;CL_0000050;CL_0000134;CL_0000034;CL_0000037;CL_0000837;CL_0000746;CL_0000081;CL_0000540;CL_0000786;CL_0000097
Q9Y6Q6,TNFSF11,osteoclast;osteoblast;osteocyte;hypertrophic chondrocyte,CL_0000092;CL_0000062;CL_0000137;CL_0000743
P32971,TNFSF8,"neutrophil;B cell;CD4-positive, alpha-beta T cell;mast cell;eosinophil",CL_0000097;CL_0000771;CL_0000236;CL_0000775;CL_0000624
P41273,TNFSF9,"T cell;CD8-positive, alpha-beta T cell;CD4-positive, alpha-beta T cell;monocyte;natural killer cell;B cell;professional antigen presenting cell;osteoclast;CD4-positive, CD25-positive, alpha-beta regulatory T cell;myeloid cell;memory T cell;leukocyte;macrophage;peritoneal macrophage;lymphocyte;dendritic cell;regulatory T cell;neutrophil;T-helper 1 cell;neuronal stem cell",CL_0000084;CL_0000625;CL_0000576;CL_0000624;CL_0000623;CL_0000236;CL_0000092;CL_0000792;CL_0000145;CL_0000763;CL_0000775;CL_0000545;CL_0000235;CL_0000047;CL_0000542;CL_0000815;CL_0000813;CL_0000738;CL_0000581;CL_0000451
P01375,TNF,"macrophage;monocyte;T cell;endothelial cell;neutrophil;microglial cell;hepatocyte;leukocyte;mast cell;lymphocyte;fat cell;fibroblast;CD4-positive, alpha-beta T cell;alveolar macrophage;neuron;keratinocyte;astrocyte;osteoclast;Kupffer cell;B cell;peritoneal macrophage;dendritic cell;epithelial cell;natural killer cell;CD8-positive, alpha-beta T cell;cardiac muscle cell;eosinophil;synovial cell;chondrocyte;osteoblast;platelet;endothelial cell of vascular tree;mature microglial cell;glial cell;oligodendrocyte;intestinal epithelial cell;vein endothelial cell;embryonic stem cell;stromal cell;granulocyte;thymocyte;aortic endothelial cell;mature neutrophil;respiratory epithelial cell;muscle cell;preadipocyte;enterocyte;myeloid cell;myoblast;vascular associated smooth muscle cell;erythrocyte;mononuclear phagocyte;mesenchymal cell;plasmacytoid dendritic cell;alternatively activated macrophage;glomerular visceral epithelial cell;stem cell;myelinating Schwann cell;type B pancreatic cell;inflammatory macrophage;myotube;trophoblast cell;CD4-positive, CD25-positive, alpha-beta regulatory T cell;mesangial cell;conventional dendritic cell;Langerhans cell;epidermal cell;type II pneumocyte;splenic macrophage;classical monocyte;smooth muscle cell;bronchial epithelial cell;adult endothelial progenitor cell;cytotoxic T cell;epithelial cell of lung;common lymphoid progenitor;granulocyte monocyte progenitor cell;myeloid dendritic cell;gamma-delta T cell;neural cell;trichogen cell;cementoblast;melanocyte;skeletal muscle cell;hematopoietic stem cell;smooth muscle myoblast;dopaminergic neuron;sperm;granulosa cell;CD14-positive, CD16-positive monocyte;T-helper 1 cell;goblet cell;retinal ganglion cell;germ cell;Leydig cell;enucleate erythrocyte;articular chondrocyte;brown fat cell;CD8-positive, alpha-beta cytotoxic T cell;Sertoli cell;hippocampal neuron;pneumocyte;kidney cell;regulatory T cell;spermatocyte;pancreatic acinar cell;effector T cell;M cell;corneal epithelial cell;granule cell;T-helper 2 cell;endothelial cell of lymphatic vessel;subcutaneous fat cell;regulatory B cell;GABAergic neuron;dental pulp cell;pro-T cell;mucus secreting cell;paneth cell;multinuclear osteoclast;Purkinje cell;mesothelial cell of pleura;myometrial cell;sensory neuron;cerebellar granule cell;gingival epithelial cell;mature NK T cell;motor neuron;CD4-positive, alpha-beta cytotoxic T cell;B-2 B cell;acinar cell of sebaceous gland;T-helper 17 cell;naive T cell;cortical cell of adrenal gland;myeloid suppressor cell;fibrocyte;pericyte cell;plasma cell;CD1c-positive myeloid dendritic cell",CL_0000235;CL_0000576;CL_0000084;CL_0000115;CL_0000775;CL_0000129;CL_0000182;CL_0000738;CL_0000097;CL_0000542;CL_0000136;CL_0000057;CL_0000624;CL_0000540;CL_0000583;CL_0000312;CL_0000127;CL_0000092;CL_0000236;CL_0000451;CL_0000091;CL_0000581;CL_0000066;CL_0000623;CL_0000625;CL_0000771;CL_0000746;CL_0000214;CL_0000138;CL_0000062;CL_0000233;CL_0002139;CL_0002629;CL_0000125;CL_0002563;CL_0000128;CL_0000499;CL_0002543;CL_0002322;CL_0002544;CL_0000094;CL_0000893;CL_0002334;CL_0000584;CL_0000763;CL_0000056;CL_0000359;CL_0000096;CL_0002368;CL_0000187;CL_0000890;CL_0000169;CL_0000863;CL_0000232;CL_0000113;CL_0000134;CL_0000784;CL_0000653;CL_0000034;CL_0000218;CL_0000860;CL_0000650;CL_0000792;CL_0000192;CL_0000910;CL_0002372;CL_0000351;CL_0002328;CL_0000990;CL_0002619;CL_0000453;CL_0000362;CL_0002063;CL_0000871;CL_0000557;CL_0000160;CL_0000061;CL_0000740;CL_0000586;CL_0000037;CL_0000178;CL_0000514;CL_0000188;CL_0000019;CL_0000082;CL_0000051;CL_0000782;CL_0000798;CL_0002319;CL_0002397;CL_0000374;CL_0000148;CL_0000700;CL_0000501;CL_0000545;CL_0000216;CL_0000546;CL_0000322;CL_0000815;CL_0000899;CL_0000911;CL_0000898;CL_0002097;CL_0000121;CL_0000889;CL_0000135;CL_0002521;CL_0000669;CL_0000449;CL_0000786;CL_0000595;CL_0001031;CL_0002608;CL_0000934;CL_1000497;CL_0000017;CL_0002064;CL_0000682;CL_0000575;CL_0000822;CL_0002140;CL_0000120;CL_0002138;CL_0000969;CL_0000617;CL_0002148;CL_0000827;CL_0000319;CL_0000510;CL_0000779;CL_0002399;CL_1000491;CL_0002366;CL_1001607;CL_0000101;CL_0000794;CL_0002621;CL_0000814;CL_0000100
O95150,TNFSF15,"T cell;CD4-positive, alpha-beta T cell;CD8-positive, alpha-beta T cell;induced T-regulatory cell;natural killer cell;endothelial cell;T-helper 1 cell;synovial cell;B cell;macrophage;effector T cell;endothelial cell of vascular tree;leukocyte;T-helper 9 cell",CL_0000084;CL_0000624;CL_0002139;CL_0000738;CL_0000115;CL_0000545;CL_0002061;CL_0000236;CL_0000625;CL_0000902;CL_0000623;CL_0000214;CL_0000911;CL_0000235
O75888,TNFSF13,T cell;B cell,CL_0000084;CL_0000236
O43557,TNFSF14,promyelocyte;macrophage;T cell;neutrophil,CL_0000084;CL_0000836;CL_0000235;CL_0000775
P01374,LTA,"T cell;lymphocyte;B cell;stromal cell;CD8-positive, alpha-beta T cell;follicular dendritic cell;natural killer cell;fibroblast;plasma cell;medullary thymic epithelial cell;M cell",CL_0000084;CL_0000542;CL_0000236;CL_0000442;CL_0000625;CL_0000499;CL_0000623;CL_0000682;CL_0002365;CL_0000057;CL_0000786
P23510,TNFSF4,"T cell;CD4-positive, alpha-beta T cell;T-helper 2 cell;CD4-positive, CD25-positive, alpha-beta regulatory T cell;B cell;eosinophil;CD8-positive, alpha-beta T cell",CL_0000084;CL_0000624;CL_0000792;CL_0000546;CL_0000236;CL_0000625;CL_0000771
P21583,KITLG,mast cell;stem cell;hematopoietic stem cell;melanocyte;melanoblast;erythroid progenitor cell;germ cell;Sertoli cell;bone marrow cell;hepatic stellate cell;neuronal stem cell;granulosa cell;keratinocyte;mesenchymal cell;dendritic cell;embryonic stem cell,CL_0000097;CL_0000034;CL_0000037;CL_0000148;CL_0000216;CL_0000541;CL_0000038;CL_0000586;CL_0002092;CL_0000134;CL_0000451;CL_0000501;CL_0002322;CL_0000632;CL_0000047;CL_0000312
P48061,CXCL12,"stem cell;stromal cell;mesenchymal cell;T cell;hematopoietic stem cell;leukocyte;endothelial cell;platelet;neuron;lymphocyte;adult endothelial progenitor cell;osteoblast;neutrophil;fibroblast;CD4-positive, alpha-beta T cell;interneuron;granule cell;thymocyte;neuroblast (sensu Nematoda and Protostomia);monocyte;B cell;chondrocyte;astrocyte;type B pancreatic cell;myeloid cell;macrophage;megakaryocyte;epithelial cell;fibrocyte;neuronal stem cell;keratinocyte;neural cell;microglial cell;CD4-positive, CD25-positive, alpha-beta regulatory T cell;glial cell;precursor B cell;T-helper 1 cell;plasmacytoid dendritic cell;granulocyte;osteoclast;mast cell;stellate cell;granulosa cell;enterocyte;germ cell;mesothelial cell of pleura;myoblast;oligodendrocyte;oocyte;mature CD4 single-positive thymocyte;odontoblast;glomerular visceral epithelial cell;cardiac muscle cell;bone marrow cell;endothelial cell of artery;pneumocyte;multi fate stem cell;mesothelial cell of peritoneum;hepatocyte;epithelial cell of thymus;CD8-positive, alpha-beta T cell;endothelial cell of lymphatic vessel",CL_0000034;CL_0000499;CL_0000134;CL_0000084;CL_0000037;CL_0000738;CL_0000115;CL_0000233;CL_0000542;CL_0000540;CL_0002619;CL_0000062;CL_0000057;CL_0000775;CL_0000624;CL_0000099;CL_0000169;CL_0000236;CL_0000576;CL_0000120;CL_0000127;CL_0000893;CL_0000338;CL_0000138;CL_0000129;CL_0000556;CL_0000135;CL_0000125;CL_0000817;CL_0000763;CL_0000235;CL_0000066;CL_0000792;CL_0000047;CL_0000312;CL_0002319;CL_1000413;CL_0000092;CL_0000097;CL_0000322;CL_0000048;CL_1000490;CL_0000501;CL_0000182;CL_0002293;CL_0000056;CL_0000653;CL_0002138;CL_0000545;CL_0000746;CL_0000784;CL_0000094;CL_0002092;CL_0000122;CL_0000584;CL_0000586;CL_1000491;CL_0000625;CL_0000128;CL_0000023;CL_0002436;CL_0000060
P10600,TGFB3,chondrocyte;fibroblast;mesenchymal cell;fibrocyte;epithelial cell,CL_0000138;CL_0000057;CL_0000066;CL_0000134;CL_0000135
Q9Y275,TNFSF13B,B cell;neutrophil;T cell;T-helper 17 cell;follicular B cell;monocyte;naive B cell,CL_0000236;CL_0000084;CL_0000775;CL_0000843;CL_0000576;CL_0000899;CL_0000788
Q9HD89,RETN,fat cell;leukocyte;monocyte;endothelial cell;macrophage;preadipocyte;hematopoietic stem cell;neutrophil;platelet;adult endothelial progenitor cell;hepatocyte;sperm;vascular associated smooth muscle cell;trophoblast cell;erythrocyte;osteoblast;myoblast;aortic endothelial cell,CL_0000136;CL_0000738;CL_0000576;CL_0000115;CL_0000235;CL_0002334;CL_0000037;CL_0000775;CL_0000233;CL_0000056;CL_0000182;CL_0000019;CL_0000359;CL_0002619;CL_0000351;CL_0002544;CL_0000232;CL_0000062
P10720,PF4V1,endothelial cell,CL_0000115
P04085,PDGFA,fibroblast;smooth muscle cell;oligodendrocyte;astrocyte;hepatic stellate cell;lens epithelial cell;cementoblast;platelet,CL_0000057;CL_0000192;CL_0000128;CL_0000233;CL_0002224;CL_0000127;CL_0000061;CL_0000632
P01127,PDGFB,pericyte cell;stromal cell;fibroblast;glomerular mesangial cell;astrocyte;hepatic stellate cell;hematopoietic stem cell;vascular associated smooth muscle cell;neuron;synovial cell,CL_0000669;CL_0000499;CL_0000057;CL_0000359;CL_0000127;CL_0000540;CL_0000214;CL_0000632;CL_1000742;CL_0000037
P02776,PF4,platelet;endothelial cell;macrophage;neutrophil;fibroblast;leukocyte;T cell;mast cell;professional antigen presenting cell;monocyte;megakaryocyte;microglial cell;neuron;stem cell;hepatic stellate cell;erythrocyte;stellate cell;hematopoietic stem cell,CL_0000233;CL_0000115;CL_0000235;CL_0000556;CL_0000145;CL_0000057;CL_0000775;CL_0000084;CL_0000738;CL_0000097;CL_0000576;CL_0000034;CL_0000632;CL_0000232;CL_0000122;CL_0000037;CL_0000129;CL_0000540
P14174,MIF,macrophage;leukocyte;neutrophil;lymphocyte;neuron;mature B cell;T-helper 2 cell;keratinocyte;cardiac muscle cell;neural cell;microglial cell;natural killer cell;eosinophil,CL_0000235;CL_0000738;CL_0000775;CL_0000542;CL_0000129;CL_0000623;CL_0000746;CL_0000771;CL_0000540;CL_0000785;CL_0000546;CL_0000312;CL_0002319
P15018,LIF,"embryonic stem cell;neuron;stem cell;macrophage;cardiac muscle cell;osteoclast;oligodendrocyte;neuronal stem cell;astrocyte;myoblast;Purkinje cell;oocyte;muscle cell;leukocyte;photoreceptor cell;T cell;keratinocyte;CD4-positive, CD25-positive, alpha-beta regulatory T cell;motor neuron",CL_0002322;CL_0000540;CL_0000034;CL_0000235;CL_0000746;CL_0000047;CL_0000128;CL_0000092;CL_0000127;CL_0000084;CL_0000056;CL_0000312;CL_0000100;CL_0000121;CL_0000023;CL_0000187;CL_0000738;CL_0000210;CL_0000792
Q9UBD9,CLCF1,fibroblast;corticotroph;B cell,CL_0000057;CL_0002309;CL_0000236
P47992,XCL1,"T cell;CD4-positive, alpha-beta T cell;bone marrow cell;microglial cell;CD8-positive, alpha-beta T cell",CL_0000084;CL_0000624;CL_0002092;CL_0000625;CL_0000129
P78423,CX3CL1,"leukocyte;neuron;natural killer cell;microglial cell;platelet;monocyte;lymphocyte;astrocyte;T cell;macrophage;mesangial cell;CD4-positive, alpha-beta T cell;skeletal muscle cell;endothelial cell of vascular tree;osteoclast;embryonic stem cell;dendritic cell;inflammatory macrophage;plasma cell;eosinophil;muscle cell",CL_0000738;CL_0000540;CL_0000623;CL_0000129;CL_0000233;CL_0000576;CL_0000127;CL_0000542;CL_0000650;CL_0000084;CL_0000235;CL_0000624;CL_0000451;CL_0000863;CL_0000786;CL_0000771;CL_0000187;CL_0000188;CL_0002139;CL_0000092;CL_0002322
P01137,TGFB1,"fibroblast;platelet;T cell;epithelial cell;macrophage;endothelial cell;keratinocyte;hepatocyte;glomerular visceral epithelial cell;osteoblast;regulatory T cell;mast cell;chondrocyte;lymphocyte;CD4-positive, alpha-beta T cell;mesenchymal cell;mesangial cell;monocyte;CD4-positive, CD25-positive, alpha-beta regulatory T cell;stromal cell;astrocyte;microglial cell;cardiac fibroblast;osteoclast;B cell;natural killer cell;mesothelial cell;hematopoietic stem cell;odontoblast;neuron;stem cell;vascular associated smooth muscle cell;CD8-positive, alpha-beta T cell;neutrophil;endothelial cell of vascular tree;bone marrow cell;myoblast;smooth muscle cell;granulosa cell;hepatic stellate cell;leukocyte;bronchial epithelial cell;muscle cell;pericyte cell;pneumocyte;epithelial cell of lung;cardiac muscle cell;mammary epithelial cell;keratocyte;articular chondrocyte;fibrocyte;prostate stromal cell;megakaryocyte;alveolar macrophage;eosinophil;bladder cell;epithelial cell of prostate;myeloid cell;endothelial cell of lymphatic vessel;synovial cell;fat cell;motor neuron;bone cell;embryonic stem cell;fibroblast of outer membrane of prostatic capsule;trophoblast cell;skin fibroblast;cortical cell of adrenal gland;cholangiocyte;ameloblast;Leydig cell;basal cell;oocyte;mesothelial cell of peritoneum;mature natural killer cell;melanocyte;dental pulp cell;pro-B cell;promonocyte;nasopharyngeal epithelial cell;stellate cell;acinar cell;basophil progenitor cell;muscle fibroblast;cytotoxic T cell;gingival epithelial cell;type II pneumocyte;vein endothelial cell;Sertoli cell;Langerhans cell;basophil;dopaminergic neuron;respiratory epithelial cell;kidney cell;cementoblast;T-helper 17 cell;T-helper 1 cell;effector T cell;oligodendrocyte;myotube;primary sensory neuron;mature microglial cell;myelinating Schwann cell;goblet cell;naive T cell;erythroid progenitor cell;preadipocyte;ligament cell;epithelioid macrophage;skeletal muscle cell;polygonal cell;type B pancreatic cell;mesodermal cell;neuron of cerebral cortex;helper T cell;tendon cell;plasmacytoid dendritic cell;induced T-regulatory cell;osteocyte;dendritic cell;aortic smooth muscle cell;intestinal epithelial cell",CL_0000057;CL_0000233;CL_0000084;CL_0000066;CL_0000235;CL_0000115;CL_0000312;CL_0000182;CL_0000653;CL_0000062;CL_0000815;CL_0000097;CL_0000624;CL_0000576;CL_0000134;CL_0000138;CL_0000542;CL_0000650;CL_0000499;CL_0000127;CL_0000792;CL_0000092;CL_0000623;CL_0002548;CL_0000129;CL_0000236;CL_0000060;CL_0000077;CL_0000037;CL_0000540;CL_0000625;CL_0000056;CL_0000034;CL_0000501;CL_0000632;CL_0002092;CL_0000738;CL_0000359;CL_0000775;CL_0002139;CL_0000192;CL_0000135;CL_0002622;CL_0000556;CL_0000771;CL_0002327;CL_0000746;CL_0002328;CL_0000187;CL_0000669;CL_1001607;CL_0000583;CL_0000322;CL_0000082;CL_0002363;CL_0000178;CL_0001035;CL_0002620;CL_0000023;CL_1000490;CL_0000824;CL_0000351;CL_0000136;CL_0000148;CL_0002231;CL_0000763;CL_0002138;CL_0000214;CL_0000059;CL_0000100;CL_0002322;CL_0000646;CL_1000300;CL_0002097;CL_1001319;CL_1000488;CL_0000912;CL_0000388;CL_0000122;CL_0000700;CL_0000910;CL_1000497;CL_0002372;CL_0000767;CL_0000784;CL_0002629;CL_0000902;CL_0000061;CL_0000137;CL_0002368;CL_0000451;CL_0000169;CL_0002563;CL_0000128;CL_0000622;CL_0002148;CL_0000826;CL_0000559;CL_1001573;CL_1001609;CL_0002621;CL_0002063;CL_0002543;CL_0000216;CL_0000453;CL_0000899;CL_0000545;CL_0000911;CL_0000531;CL_0000218;CL_0000160;CL_0000898;CL_0000038;CL_0002539;CL_0002150;CL_0002334;CL_0000384;CL_0000188;CL_0000398;CL_0000222;CL_0002609;CL_0000613
P01135,TGFA,keratinocyte;hepatocyte;epithelial cell;astrocyte;neuron;chondrocyte;monocyte;fibroblast;fibrocyte;endothelial cell;macrophage;natural killer cell;granulosa cell;motor neuron;articular chondrocyte;Sertoli cell;glial cell;oocyte;stromal cell;multinucleated giant cell;melanocyte;auditory hair cell;enterocyte;embryonic cell,CL_0000312;CL_0000182;CL_0000066;CL_0000127;CL_0000540;CL_0000138;CL_0000057;CL_0000115;CL_0000235;CL_0000623;CL_0000647;CL_0000501;CL_0000148;CL_0000100;CL_1001607;CL_0000584;CL_0002321;CL_0000576;CL_0000135;CL_0000202;CL_0000216;CL_0000125;CL_0000023;CL_0000499
Q9UBR5,CKLF,myoblast;endothelial cell,CL_0000115;CL_0000056
P16619,CCL3L1,eosinophil,CL_0000771
Q99988,GDF15,myelinating Schwann cell;neuron;cardiac muscle cell;fibroblast;muscle cell;endothelial cell;oligodendrocyte;epithelial cell;T cell;macrophage;microglial cell;plasma cell;embryonic stem cell;sensory neuron;osteoclast;blastoderm cell;osteocyte;enterocyte;neutrophil;platelet;mature astrocyte;stem cell;skeletal muscle cell;oocyte;neuron of cerebral cortex;Sertoli cell;reticulocyte;trichogen cell;natural killer cell,CL_0000218;CL_0000540;CL_0000746;CL_0000057;CL_0000187;CL_0000084;CL_0000115;CL_0000128;CL_0000066;CL_0002627;CL_0000129;CL_0002322;CL_0000034;CL_0000188;CL_0000023;CL_0000353;CL_0002609;CL_0000216;CL_0000092;CL_0000558;CL_0000137;CL_0000374;CL_0000623;CL_0000235;CL_0000786;CL_0000101;CL_0000584;CL_0000775;CL_0000233
P10451,SPP1,"osteoblast;macrophage;fibroblast;smooth muscle cell;leukocyte;T cell;osteoclast;B cell;mesenchymal cell;glomerular visceral epithelial cell;T-helper 1 cell;CD4-positive, alpha-beta T cell;chondrocyte;monocyte;neutrophil;endothelial cell;cardiac fibroblast;epithelial cell;CD8-positive, alpha-beta T cell;CD4-positive, CD25-positive, alpha-beta regulatory T cell;keratinocyte;platelet;cementoblast",CL_0000062;CL_0000235;CL_0000057;CL_0000192;CL_0000738;CL_0000092;CL_0000084;CL_0000545;CL_0000134;CL_0000653;CL_0000236;CL_0000576;CL_0002548;CL_0000625;CL_0000792;CL_0000233;CL_0000066;CL_0000138;CL_0000624;CL_0000775;CL_0000115;CL_0000061;CL_0000312
P13725,OSM,leukocyte;macrophage;hepatocyte;astrocyte;keratinocyte;endothelial cell;stromal cell;osteoblast;synovial cell;connective tissue cell,CL_0000182;CL_0000235;CL_0000738;CL_0000312;CL_0002320;CL_0000115;CL_0000499;CL_0000062;CL_0000214;CL_0000127
Q6ZMJ4,IL34,macrophage;monocyte;inflammatory macrophage;alternatively activated macrophage;myeloid cell;microglial cell;fat cell;neutrophil;neuron;endothelial cell,CL_0000235;CL_0000576;CL_0000540;CL_0000115;CL_0000890;CL_0000863;CL_0000763;CL_0000129;CL_0000136;CL_0000775
P22301,IL10,"T cell;macrophage;B cell;monocyte;CD4-positive, alpha-beta T cell;CD4-positive, CD25-positive, alpha-beta regulatory T cell;lymphocyte;dendritic cell;CD8-positive, alpha-beta T cell;leukocyte;T-helper 1 cell;regulatory B cell;neutrophil;microglial cell;Tr1 cell;regulatory T cell;T-helper 2 cell;professional antigen presenting cell;myeloid cell;alternatively activated macrophage;natural killer cell;peritoneal macrophage;induced T-regulatory cell;mast cell;plasmacytoid dendritic cell;myeloid dendritic cell;T-helper 17 cell;effector T cell;eosinophil;cytotoxic T cell;neuron;B-1 B cell;Kupffer cell;epidermal cell;B-1a B cell;adult endothelial progenitor cell;fibroblast;hematopoietic stem cell;memory B cell;epithelial cell;platelet;endothelial cell;mature microglial cell;Langerhans cell;CD8-positive, alpha-beta regulatory T cell;gamma-delta T cell;mature neutrophil;plasma cell;bronchial epithelial cell;splenic macrophage;smooth muscle cell;conventional dendritic cell;erythrocyte;keratinocyte;granulocyte;pigmented ciliary epithelial cell;goblet cell;astrocyte;T-helper 9 cell;alveolar macrophage;osteoblast;hepatocyte;mononuclear phagocyte;tracheal epithelial cell;CD4-positive, alpha-beta intraepithelial T cell;mature B cell;memory T cell;embryonic stem cell;granulocyte monocyte progenitor cell;plasmablast;natural T-regulatory cell;fat cell;classical monocyte;neuronal stem cell;glial cell;naive T cell;chondrocyte;follicular dendritic cell;helper T cell;CD8-positive, alpha-beta cytotoxic T cell;double-positive, alpha-beta thymocyte;osteoclast;mature NK T cell;CD8-alpha-beta-positive, alpha-beta intraepithelial T cell;melanocyte;CD11c-low plasmacytoid dendritic cell;thymocyte;glomerular endothelial cell;cardiac muscle cell",CL_0000084;CL_0000235;CL_0000236;CL_0000576;CL_0000624;CL_0000792;CL_0000542;CL_0000625;CL_0000451;CL_0000738;CL_0000545;CL_0000969;CL_0000775;CL_0000129;CL_0000901;CL_0000815;CL_0000546;CL_0000145;CL_0000890;CL_0000763;CL_0000623;CL_0000581;CL_0000097;CL_0000902;CL_0000899;CL_0000911;CL_0000784;CL_0000782;CL_0000771;CL_0000910;CL_0000819;CL_0000820;CL_0000540;CL_0000091;CL_0000362;CL_0000192;CL_0000990;CL_0000232;CL_0000312;CL_0000795;CL_0000057;CL_0002328;CL_0000037;CL_0000787;CL_0000066;CL_0000233;CL_0000115;CL_0002629;CL_0000453;CL_0000798;CL_0000096;CL_0000786;CL_0002619;CL_0000871;CL_0000127;CL_0000583;CL_0000113;CL_0000092;CL_0000814;CL_0000148;CL_0000813;CL_0002322;CL_0000793;CL_0000893;CL_0000860;CL_0002188;CL_0000898;CL_0000138;CL_0000557;CL_0000903;CL_0000094;CL_0000794;CL_0002303;CL_0000160;CL_0002061;CL_0000062;CL_0000796;CL_0000182;CL_0000989;CL_0000307;CL_0000785;CL_0000746;CL_0000980;CL_0000136;CL_0000047;CL_0000125;CL_0000442;CL_0000912;CL_0000809
P29460,IL12B,macrophage;T-helper 1 cell;T cell;dendritic cell;B cell;memory B cell;memory T cell;Langerhans cell;microglial cell;neutrophil;thymic plasmacytoid dendritic cell;lymphocyte;myoblast;glial cell,CL_0000235;CL_0000545;CL_0000084;CL_0000451;CL_0000236;CL_0000125;CL_0000787;CL_0000813;CL_0000453;CL_0000129;CL_0000775;CL_0000942;CL_0000542;CL_0000056
P10145,CXCL8,"neutrophil;monocyte;epithelial cell;endothelial cell;keratinocyte;macrophage;T cell;eosinophil;leukocyte;bronchial epithelial cell;intestinal epithelial cell;respiratory epithelial cell;fibroblast;mature neutrophil;mast cell;stromal cell;epithelial cell of lung;platelet;hepatocyte;alveolar macrophage;B cell;adult endothelial progenitor cell;mesenchymal cell;granulocyte;granulosa cell;enterocyte;neuron;chondrocyte;osteoclast;hematopoietic stem cell;astrocyte;lymphocyte;CD4-positive, alpha-beta T cell;pneumocyte;stem cell;mesothelial cell;myeloid cell;basophil;fat cell;erythrocyte;endothelial cell of lymphatic vessel;epidermal cell;embryonic stem cell;urothelial cell;microglial cell;T-helper 17 cell;retinal pigment epithelial cell;dendritic cell;trophoblast cell;articular chondrocyte;pancreatic stellate cell;mature natural killer cell;CD4-positive, alpha-beta intraepithelial T cell;keratocyte;pleural macrophage;CD8-positive, alpha-beta T cell;myoblast;synovial cell;melanocyte;large luteal cell",CL_0000775;CL_0000576;CL_0000066;CL_0000115;CL_0000312;CL_0000235;CL_0000084;CL_0000771;CL_0000738;CL_0002328;CL_0002563;CL_0002368;CL_0000057;CL_0000096;CL_0000097;CL_0000499;CL_0000233;CL_0000082;CL_0000182;CL_0000583;CL_0000236;CL_0002619;CL_0000134;CL_0000094;CL_0000037;CL_0000501;CL_0000584;CL_0000540;CL_0000138;CL_0000092;CL_0000624;CL_0000136;CL_0000232;CL_0002138;CL_0000362;CL_0000767;CL_0000542;CL_0000322;CL_0000034;CL_0000077;CL_0000763;CL_0000127;CL_0000056;CL_0000214;CL_0000148;CL_1001607;CL_0000592;CL_0000793;CL_0002322;CL_0000731;CL_0000129;CL_0000899;CL_0002586;CL_0000625;CL_0000451;CL_0000351;CL_0002410;CL_0000824;CL_0002363;CL_0002247
Q9NPF7,IL23A,T-helper 17 cell;neutrophil,CL_0000899;CL_0000775
Q9UBH0,IL36RN,keratinocyte,CL_0000312
Q8WWZ1,IL1F10,macrophage,CL_0000235
P13232,IL7,"T cell;B cell;precursor B cell;stromal cell;CD4-positive, alpha-beta T cell;lymphocyte;CD8-positive, alpha-beta T cell;thymocyte;keratinocyte;CD4-positive, CD25-positive, alpha-beta regulatory T cell;naive T cell;mature T cell;leukocyte;CD8-positive, alpha-beta memory T cell;natural killer cell;epithelial cell of thymus;pro-B cell;stem cell;gamma-delta T cell;T-helper 1 cell;chondrocyte;fibroblast;double negative thymocyte;intestinal epithelial cell;memory T cell;neuron;articular chondrocyte;bladder cell;ameloblast;cortical thymic epithelial cell;mesenchymal cell;macrophage;T-helper 17 cell;mature NK T cell;CD22-positive, CD38-low small pre-B cell;CD4-positive, alpha-beta intraepithelial T cell;regulatory T cell;endothelial cell;enterocyte;peritoneal macrophage;fetal thymocyte;smooth muscle myoblast;epithelial cell;CD4-positive, alpha-beta memory T cell;oocyte;CD8-positive, alpha-beta cytotoxic T cell;DN4 thymocyte;endothelial cell of lymphatic vessel;short term hematopoietic stem cell;osteoblast;double-positive, alpha-beta thymocyte",CL_0000084;CL_0000236;CL_0000817;CL_0000499;CL_0000542;CL_0000624;CL_0000625;CL_0000893;CL_0000312;CL_0000792;CL_0000898;CL_0000623;CL_0002419;CL_0000738;CL_0000909;CL_0000138;CL_0000057;CL_0002489;CL_0002563;CL_0000813;CL_0000034;CL_0000540;CL_0002293;CL_0000826;CL_0000798;CL_0000545;CL_0002404;CL_0000514;CL_1001319;CL_0000059;CL_0000066;CL_0000235;CL_0000023;CL_0000814;CL_0000808;CL_0002138;CL_0002033;CL_0002053;CL_0000062;CL_0000809;CL_0000793;CL_0002364;CL_0000134;CL_0000897;CL_0000794;CL_0000899;CL_0000815;CL_1001607;CL_0000115;CL_0000584;CL_0000581
Q9NYY1,IL20,"endothelial cell;T-helper 2 cell;keratinocyte;CD8-positive, alpha-beta T cell;osteoclast",CL_0000092;CL_0000115;CL_0000546;CL_0000625;CL_0000312
P08700,IL3,"basophil;mast cell;T cell;stem cell;megakaryocyte;platelet;bone marrow cell;granulocyte monocyte progenitor cell;neutrophil;erythroid progenitor cell;hematopoietic stem cell;osteoclast;leukocyte;eosinophil;common myeloid progenitor;lymphocyte;macrophage;keratinocyte;T-helper 2 cell;precursor B cell;endothelial cell;natural killer cell;CD4-positive, alpha-beta T cell;B cell;monocyte;megakaryocyte progenitor cell;CD8-positive, alpha-beta T cell;neuron;blood cell;megakaryocyte-erythroid progenitor cell;osteoblast;myeloid lineage restricted progenitor cell;dendritic cell;motor neuron;pluripotent stem cell;CD4-positive, CD25-positive, alpha-beta regulatory T cell;mesenchymal cell;microglial cell;chondrocyte",CL_0000767;CL_0000097;CL_0000084;CL_0000034;CL_0000556;CL_0000233;CL_0002092;CL_0000557;CL_0000775;CL_0000038;CL_0000037;CL_0000738;CL_0000092;CL_0000771;CL_0000235;CL_0000312;CL_0000049;CL_0000542;CL_0000576;CL_0000553;CL_0000115;CL_0000540;CL_0000050;CL_0000546;CL_0000624;CL_0000817;CL_0000236;CL_0000625;CL_0000623;CL_0000081;CL_0000129;CL_0000138;CL_0000792;CL_0000062;CL_0000839;CL_0000451;CL_0000100;CL_0002248;CL_0000134
Q8IZI9,IFNL3,"natural killer cell;macrophage;T cell;hepatocyte;leukocyte;B cell;CD4-positive, CD25-positive, alpha-beta regulatory T cell;regulatory T cell",CL_0000623;CL_0000084;CL_0000236;CL_0000815;CL_0000235;CL_0000182;CL_0000738;CL_0000792
Q96PD4,IL17F,"T cell;T-helper 17 cell;keratinocyte;professional antigen presenting cell;osteoblast;CD4-positive, alpha-beta T cell;neutrophil;endothelial cell;endothelial cell of vascular tree",CL_0000899;CL_0000084;CL_0000775;CL_0000115;CL_0000145;CL_0002139;CL_0000312;CL_0000624;CL_0000062
O95760,IL33,"eosinophil;mast cell;T-helper 2 cell;epithelial cell;CD8-positive, alpha-beta T cell;macrophage;T cell;neutrophil;osteoclast;endothelial cell;CD4-positive, CD25-positive, alpha-beta regulatory T cell;goblet cell;astrocyte;natural killer cell;myeloid cell;fibroblast;microglial cell;fat cell;cardiac muscle cell;leukocyte;lymphocyte;dendritic cell;basophil;glial cell;alveolar macrophage;multinuclear osteoclast;stromal cell;nuocyte;mature microglial cell;fibrocyte;muscle cell;melanocyte;erythroid progenitor cell;hair follicle melanocyte;helper T cell;CD4-positive, alpha-beta T cell;B-1 B cell;osteoblast;cholangiocyte;alternatively activated macrophage",CL_0000771;CL_0000097;CL_0000546;CL_0000066;CL_0000235;CL_0000625;CL_0000084;CL_0000775;CL_0000092;CL_0000115;CL_0000792;CL_0000623;CL_0000127;CL_0000160;CL_0000746;CL_0000542;CL_0000125;CL_0000767;CL_0000763;CL_0000057;CL_0000129;CL_0000136;CL_0000738;CL_0000451;CL_0000583;CL_0000148;CL_0000912;CL_0000038;CL_0002483;CL_0000135;CL_0000062;CL_1000488;CL_0000779;CL_0000499;CL_0002089;CL_0002629;CL_0000624;CL_0000819;CL_0000890;CL_0000187
P18510,IL1RN,"monocyte;macrophage;neutrophil;mature neutrophil;hepatocyte;neuron;keratinocyte;leukocyte;T-helper 17 cell;mononuclear phagocyte;T cell;B cell;CD4-positive, alpha-beta T cell;fibroblast;thymocyte;microglial cell;neuron of cerebral cortex;muscle cell;classical monocyte;pericyte cell;cardiac muscle cell;T-helper 1 cell;trophoblast cell;M cell;dendritic epidermal T cell;articular chondrocyte;epithelial cell;myelinating Schwann cell;Sertoli cell;mast cell;pneumocyte",CL_0000576;CL_0000235;CL_0000775;CL_0000312;CL_0000096;CL_0000182;CL_0000540;CL_0000084;CL_0000057;CL_0000738;CL_0000236;CL_0000624;CL_0000899;CL_0000113;CL_0000066;CL_0000218;CL_0000746;CL_0000216;CL_0000097;CL_0000322;CL_0000351;CL_0000129;CL_0000893;CL_1001607;CL_0002609;CL_0000187;CL_0000860;CL_0000669;CL_0000545;CL_0000682;CL_0000916
Q9NZH8,IL36G,keratinocyte,CL_0000312
P60568,IL2,"T cell;lymphocyte;natural killer cell;CD4-positive, alpha-beta T cell;B cell;CD4-positive, CD25-positive, alpha-beta regulatory T cell;mature natural killer cell;CD8-positive, alpha-beta T cell;thymocyte;monocyte;cytotoxic T cell;helper T cell;dendritic cell;T-helper 1 cell;naive T cell;leukocyte;regulatory T cell;fibroblast;eosinophil;gamma-delta T cell;neutrophil;effector T cell;macrophage;bone marrow cell;T-helper 2 cell;mast cell;mature NK T cell;platelet;CD8-positive, alpha-beta cytotoxic T cell;induced T-regulatory cell;erythrocyte;fetal thymocyte;oocyte;CD4-positive helper T cell;neuron;granulocyte monocyte progenitor cell;keratinocyte;endothelial cell;hippocampal neuron;T-helper 17 cell;stem cell;memory T cell;naive B cell;myeloid cell;hematopoietic stem cell;blood cell;CD4-positive, alpha-beta memory T cell;mesothelial cell;glomerular visceral epithelial cell;naive thymus-derived CD4-positive, alpha-beta T cell;pyramidal cell;double negative thymocyte;CD103-positive dendritic cell;microglial cell;memory B cell;decidual natural killer cell;basophil progenitor cell;type B pancreatic cell;natural T-regulatory cell;T follicular helper cell",CL_0000084;CL_0000542;CL_0000623;CL_0000624;CL_0000236;CL_0000792;CL_0000824;CL_0000625;CL_0000893;CL_0000576;CL_0000910;CL_0000912;CL_0000451;CL_0000898;CL_0000545;CL_0000738;CL_0000815;CL_0000057;CL_0000771;CL_0000798;CL_0000775;CL_0000911;CL_0000235;CL_0002092;CL_0000546;CL_0000902;CL_0000232;CL_0002404;CL_0000023;CL_0000097;CL_0000794;CL_0000814;CL_0000233;CL_0000813;CL_0000115;CL_0000788;CL_0000763;CL_0000540;CL_0000557;CL_0000312;CL_0002608;CL_0000492;CL_0000899;CL_0000034;CL_0000897;CL_0000169;CL_0000903;CL_0002461;CL_0002489;CL_0002038;CL_0000037;CL_0000653;CL_0000077;CL_0000613;CL_0000895;CL_0000598;CL_0000129;CL_0000787;CL_0002343;CL_0000081
P05231,IL6,"macrophage;monocyte;fibroblast;T cell;B cell;endothelial cell;osteoblast;lymphocyte;leukocyte;neutrophil;hepatocyte;keratinocyte;platelet;osteoclast;fat cell;astrocyte;mast cell;stromal cell;CD4-positive, alpha-beta T cell;neuron;mesenchymal cell;plasma cell;chondrocyte;megakaryocyte;CD4-positive, CD25-positive, alpha-beta regulatory T cell;epithelial cell;Kupffer cell;microglial cell;oocyte;bone marrow cell;muscle cell;peritoneal macrophage;eosinophil;T-helper 17 cell;cardiac muscle cell;mesangial cell;myeloid cell;erythrocyte;enterocyte;thymocyte;sperm;splenic macrophage;glomerular visceral epithelial cell;stem cell;smooth muscle cell;natural killer cell;professional antigen presenting cell;T-helper 2 cell;granulocyte monocyte progenitor cell;alternatively activated macrophage;preadipocyte;Sertoli cell;dendritic cell;myoblast;T-helper 1 cell;CD8-positive, alpha-beta T cell;hematopoietic stem cell;cholangiocyte;mammary epithelial cell;pericyte cell;granulosa cell;folliculostellate cell;endothelial cell of vascular tree;myeloid dendritic cell;plasmablast;hippocampal neuron;follicular dendritic cell;oligodendrocyte;motor neuron;bone cell;regulatory T cell;sensory neuron;smooth muscle myoblast;endocrine cell;B-1 B cell;cardiac fibroblast;T follicular helper cell;mesothelial cell;reticulocyte;neural cell;retinal cell;cap cell;CD4-positive, alpha-beta intraepithelial T cell;osteocyte;melanocyte;megakaryocyte progenitor cell;myelinating Schwann cell;glial cell;CD14-positive, CD16-positive monocyte;induced T-regulatory cell;magnocellular neurosecretory cell;helper T cell;CD4-positive helper T cell;granulocyte;mature neutrophil;hematopoietic multipotent progenitor cell;PP cell;corneal epithelial cell;adult endothelial progenitor cell;endothelial cell of lymphatic vessel;mature astrocyte;neuroendocrine cell;T-helper 22 cell;myotube;embryonic stem cell;male germ cell;multi fate stem cell;parietal cell;pneumocyte;cementoblast;effector T cell;spermatocyte;trophoblast cell;bladder cell;pluripotent stem cell;epithelial cell of prostate;neuronal stem cell;granule cell;Langerhans cell;keratocyte;aortic endothelial cell;intestinal epithelial cell;basal cell;germinal center B cell;mature microglial cell;pancreatic ductal cell",CL_0000235;CL_0000576;CL_0000057;CL_0000084;CL_0000236;CL_0000115;CL_0000062;CL_0000542;CL_0000182;CL_0000738;CL_0000775;CL_0000312;CL_0000092;CL_0000233;CL_0000127;CL_0000136;CL_0000097;CL_0000624;CL_0000499;CL_0000540;CL_0000134;CL_0000786;CL_0000138;CL_0000792;CL_0000066;CL_0000556;CL_0000129;CL_0000091;CL_0000023;CL_0000581;CL_0000771;CL_0000899;CL_0000187;CL_0002092;CL_0000746;CL_0000584;CL_0000650;CL_0000763;CL_0000232;CL_0000871;CL_0000893;CL_0000019;CL_0000546;CL_0000557;CL_0000653;CL_0000034;CL_0000192;CL_0000623;CL_0000145;CL_0000056;CL_0000545;CL_0000037;CL_1000488;CL_0002334;CL_0000625;CL_0000216;CL_0000451;CL_0000890;CL_0000815;CL_0000101;CL_0000980;CL_0000514;CL_0000163;CL_0002038;CL_0002327;CL_0001035;CL_0000669;CL_0000501;CL_0000642;CL_0002139;CL_0000782;CL_0002608;CL_0000442;CL_0000128;CL_0000819;CL_0002548;CL_0000100;CL_0000558;CL_0000048;CL_0000162;CL_0009004;CL_0002397;CL_0000322;CL_0000492;CL_0000911;CL_0000017;CL_0000351;CL_0002248;CL_0000902;CL_0000912;CL_0002231;CL_0000096;CL_0000047;CL_0000120;CL_0000453;CL_0002363;CL_0002563;CL_0002619;CL_0002372;CL_0000844;CL_0002629;CL_0002079;CL_0000077;CL_0002319;CL_0000137;CL_0000148;CL_0000553;CL_0000218;CL_0000125;CL_0000676;CL_0011003;CL_0000061;CL_0000094;CL_0000837;CL_1001319;CL_0000696;CL_0002544;CL_0000575;CL_0000646;CL_0002138;CL_0002627;CL_0000165;CL_0001042;CL_0002322;CL_0000793;CL_0000015
O14960,LECT2,hepatocyte;macrophage;endothelial cell;neuron;monocyte;leukocyte,CL_0000182;CL_0000115;CL_0000540;CL_0000576;CL_0000738;CL_0000235
